-18.825788316914725	-7.867471426002661
9.186323386360897	-25.385787886996056
-7.345861696070983	0.496799957431237
-1.6646907383963483	28.55390855814166
9.669574864224831	-26.08159927628887
8.773828154746061	-18.98952140271047
-10.68792501457449	16.316273314479332
-9.257109826865934	-15.509516794623664
6.29194660299	-13.29131303221408
5.143958068015928	-11.621019582631202
0.10739344238873078	-0.6041528632268011
-17.252016812685177	9.492548272727234
-9.226511413120727	-1.009578309991371
-4.413354419303855	-16.818778728626107
2.376192612637223	-14.642572752983375
-12.707241338098289	-0.31215381213592497
10.028721913933142	3.618123267396919
14.20314928271832	-20.15134100234094
-12.204794601070637	11.611847659892133
23.872346251031463	-4.719358378081635
2.4945328377421934	-3.6717142081699405
17.60840882145664	-23.666832835233006
10.656722038947864	3.13526701099332
10.574675565005876	-27.320704925748043
9.709186860123303	3.4447588055379166
1.6576971016471027	-14.934374045354943
20.553491228420658	-7.537711010223469
-14.76807632124307	8.15083445426974
-17.792758869671385	15.56125268284186
-12.59132242365224	19.782374133183687
3.9389357972744246	-1.07183958121917
-4.793223574669576	23.759030342447222
-22.01091767109727	17.480064910035544
-19.020291871358104	14.845616670510307
-2.1887005338278147	11.206387707217758
-5.0183623314616055	2.3059699293929383
-2.40315736962582	-12.845517197330295
-10.797989300175173	-2.7529209837079747
-14.183055585314492	-5.045962282971743
-23.104223960845648	12.861347026347714
2.283945785848063	-6.587880337356095
-7.909302967878612	-0.5200165915207482
-2.2337706320456343	26.028807116757346
-24.880603456707505	6.97530663577948
11.320750548616584	11.134000680242092
17.40595742781147	-9.741714812766318
-4.125699517829909	-11.077203919967557
-10.44459259198467	18.702299127362224
-15.70492333759406	10.179214543796267
-23.46175895444145	14.216301637529254
-9.196620966906764	19.396083509111786
0.6353293227309658	-19.662179185454722
-9.527157709953222	0.614498489317164
-5.733428897657114	23.27890161541613
11.419112586729783	-23.677839108205966
-5.760695754327113	4.375836079858248
11.973759567595872	10.497760549406198
-0.9867791129002336	-13.438148399408684
-17.129797836643995	9.636668361704263
-11.1117870112851	-1.8674709043142754
-9.908905669251958	-9.850022263955303
-19.789978979376396	-9.027329417904502
-1.7313595064117846	7.451290957220036
16.233557041923582	-23.86451921917231
22.1903654822871	-9.979243802985318
-1.52196568369413	-11.04116579117939
-1.6642699107383403	24.760504698321565
-6.773354998906157	-15.548181522117911
-12.84953084816763	-4.774581081570339
10.62540956516959	-14.463194805417618
1.992175599196806	-11.213656021262775
-6.516397941328515	14.045855084724
28.584624744346964	-8.833056156908597
17.745590771027942	1.193489961399916
13.407476196156367	-9.041187500657495
-22.044935620228227	10.062652448255749
-9.39500719906729	13.8158363214541
-9.362031128148743	-0.6996360033666696
-1.6209368298625266	24.712363404396434
-14.239730024558552	-2.208217938185332
3.40260066399175	9.018025502697132
-23.58956516186389	12.118130672601467
1.9313924657643873	-2.6516553694906433
-8.997603037591213	11.815649073221875
15.156295953918601	5.3114513604431
-6.704741766997455	3.991872547256951
-18.553981557037424	13.027562006202785
-8.701012102907594	-14.492311332022949
-8.18454715752402	20.12208451173195
-0.40800389081801597	27.18898071232115
-1.450286355506223	-19.134627840750824
19.88503092804052	-13.580739812445364
-2.7131171043636138	20.67879195877188
18.24222163497903	-5.873164777640575
9.052164064791924	15.287454301502848
-14.953252295979809	11.426617058406796
-12.461511784813968	-0.900412642194592
17.93154405288295	10.87066358978034
16.636300508930475	-21.306726890388703
5.776703948296735	-15.986330915731239
-19.35806430419604	17.397247848539923
11.215582544744468	4.494348153921989
-15.668882815495008	13.194855104175744
-10.341024949595765	17.96953423701136
4.079357190223659	17.924400046478418
1.6704948880717927	-1.276397881797952
-8.718973166047517	6.149111845679778
0.41430828167892164	-19.421188215289806
10.133194892905541	-19.329375283614887
18.342208782988887	-10.63035746396115
11.797678443671613	-26.114533628542542
12.140432455652979	-16.851277373557245
16.807373077327018	11.977738853230193
-5.769577042206566	22.78471230632574
14.071407190558096	-23.708374680350826
-4.2084876922233	26.593164208035173
-15.929499000779979	12.521913365684464
-19.814044823557488	-4.430029676247774
-7.3830832127527835	-0.2686776074476934
-1.4621354300216511	-15.185857399406622
-12.176173516065182	23.448964157904218
-18.044438442029335	11.480168406666621
-23.121524991775146	16.730173250939007
24.997441080374337	-6.81320414000759
-18.481401269812096	-8.783831606234523
11.825574803866441	-10.858443455595122
-12.353923373851671	10.187473973198388
21.279265433315537	-11.821082250480142
10.359044125610787	-8.900429333859766
14.507000965306183	-23.94614654292969
-4.776488570174867	29.385148008476076
-6.376253311424864	-13.00344164025079
-20.694652008017858	-4.05951634569064
11.202708934593483	-12.876661506051498
-15.883268814910219	-7.068581300173776
-15.024431038616347	-8.667947464418852
-10.356761753773013	17.903530936753164
-0.15368199890345285	-16.165703831626587
-12.618718572871364	20.75075213916159
3.0400924844660038	15.205545541149434
-8.035786752270585	-1.3587537160449168
16.707834950014362	-22.560137033638163
-1.18836329615437	-10.675098033312867
-21.11226495508107	7.588167779257032
2.095665061159544	6.297294119073982
-22.141145734481633	10.125935796793385
12.08461596868256	-17.85795659441909
4.078880033631716	5.157485622261241
-20.85595897738257	7.89437321977143
16.5205593597563	-20.372810865956797
7.7953433938785865	-14.986712404623539
3.0466962145459906	4.8148309432750995
-14.416250860758323	-6.661087628711337
11.204509956384092	-21.405314994346295
-8.276729816520904	5.458389944937756
1.7565884080775873	-15.968872369059937
-14.551164449595257	13.129891416050393
14.241190550995974	-20.49793776477497
-6.414683252954972	20.07845467973193
26.084715284651203	-9.874499915272011
16.476114223948585	-9.345806498332106
-8.725884621528786	12.023642285527673
3.1209286559056184	7.79380519641662
-20.193813964128232	16.44841169744278
13.320534317745954	-6.895818393631112
-8.535302625763103	16.191647684608405
-0.9753245548932231	-8.306009788783703
-3.4792684624565653	-18.912308322858124
-2.4601912407042867	28.542635652241977
20.339777414181317	4.163205349298659
-19.28024526317296	7.155157918716058
-4.065430990020767	-5.459755740801528
-16.257067572622827	6.753263830879217
-6.437267979282606	11.903476721656219
2.7399852581644524	4.712581043812708
-4.209464845791228	6.135986174989593
-5.038537586337924	-16.497588842428954
5.263059770038521	-1.6549609235814156
16.178306710520044	6.335290991040118
27.901071614635313	-5.4617672640134725
-9.848379687057625	12.178044402124334
-0.2314715394762595	-17.380583083558815
-15.958136465365227	-2.971661593672257
13.31378539241216	-28.51014030563763
-20.142879027866186	11.653736853513065
-16.6830161460268	-6.915386971720731
7.262098143032583	-4.74649094077815
-19.613153521370435	19.346967565636415
14.232596644688732	-21.067295372785555
25.161953387708067	-9.261122606272057
-13.01892760918054	-6.888065309406672
-5.517765192308323	6.3395729358793975
-4.217280151806897	13.803840956590465
6.713891138007799	-21.322313903987727
20.559922473607653	-11.858341805254156
16.84553887227643	-23.625304970530244
6.820234253846091	-21.26254122506332
-4.559990461098772	7.501238434884844
-4.425711066047917	-16.7231816865287
18.83441381469605	7.539518292518314
8.67347280456951	-21.564473178342755
11.426357660230742	-13.828041446328555
19.398937245517462	-11.418152028167231
10.096496843438937	-26.816219669033508
14.242774260591474	-25.37033951027432
-2.4213325619422355	27.550964549528967
-12.747681870140662	17.350862993667544
19.519466505183445	5.679164973031873
-15.916882942550213	9.613449321410462
-5.992179508128647	1.3324270644008969
-8.158966844492962	13.925439986137759
-6.46181200150117	15.199787403725587
-1.3068045973697653	-11.553617337405155
-9.5861528480615	15.465206736181914
-0.9086570484523175	-4.527243420273863
-1.4019319904569714	17.684098270180048
13.46888939025634	-7.162534871660267
11.732969376326201	-8.594737551964636
-11.385694744348369	-4.226735688889052
0.2698594573533852	-13.511850806820059
1.9476015305831218	-1.473654500369236
-13.799362636259978	-1.824101338312288
-4.295044870226876	-6.768654399064343
-11.065546759147841	16.053458512463923
-13.18990515346774	-5.8459108919003135
-0.2437608518470059	-16.149131633129432
-12.23745432474962	20.604767698746983
21.300283116543095	-8.392857231949522
4.195885681737572	-12.011179204379818
26.97192348951233	-8.653530368322375
1.359903833868928	-10.77999953281217
27.841296851192922	-7.516595266548136
1.2967290147278252	-12.298892790078911
14.605957719794095	7.0122262510408735
-2.017485004939918	-9.522494644911463
-4.476429488368413	4.057030778020906
10.947710624963259	0.9439246536443093
-13.114000611530392	22.15610923861424
-5.40780672009592	18.887600180795282
11.475399372364986	7.432633363111548
18.778370245537584	1.2569997223688985
19.82802447377392	3.593315363272236
-16.11203092770144	9.624826984405349
5.223724334613199	-7.982047584365117
1.3347919252849005	9.621084396955094
4.207280040131052	-1.7257621360595508
-5.859445359937945	-10.461774535044416
10.11561453993212	5.730239786419836
11.472426950329687	-25.749645437353436
-17.687654549143982	-7.29218275111745
-20.790580370013227	16.402353053277157
11.198805810497237	-13.00333099480677
27.58310557996891	-10.163153011318228
2.6624449283759652	-15.25793018546831
-8.964777736860894	19.139813085649774
-18.448568668051855	-5.9525386224849095
-5.763571720285164	2.4030412562690593
-14.468740454823017	-2.7289806281138294
-23.83986203669989	15.877372245596138
-13.491887607735759	16.618080759277277
7.300082760786711	-24.470014342675306
13.797509821257929	2.5754111276257565
-7.476183027795484	15.671253090809262
11.447193781044255	3.9194678004889005
15.377975002891985	-24.711878960553282
7.951845508399536	-6.129938892988932
18.518534148400267	-12.505385351320715
7.428553585171136	-22.477934983042267
-4.089678766748306	-5.310108529165302
-5.952135837687782	26.148242008965756
20.03342164085426	-12.013599369460195
10.05058242373514	2.3917541439539214
8.31556499733612	-26.131728586035106
7.155577792062974	-21.447698493021434
-11.7198974985155	17.11838599579432
19.40782496027592	3.5121231938614166
10.125219790279699	-23.058071066142478
-5.336287037874836	29.2273214698409
11.85800224210559	10.663346912270397
22.699259872348986	-11.908245285051166
-5.6716113087903075	19.830390226208618
-15.736164451534394	-2.528028955899317
22.80826067319289	-8.221529922244677
-6.360979314654717	14.242097626688313
6.941184799644957	-10.720368213532646
8.886770900956119	-27.700643123949792
9.832248366993555	-26.661724561439478
10.547547644896254	5.395786586535469
9.503583361871042	-26.087308996717457
18.501867956952626	-7.9354064058889895
-8.226135583352853	5.275072784688711
-20.66906862259108	13.467477063862464
9.714755982902695	-20.644449452978744
-3.1558497273400805	12.728376481705704
9.318432020718364	9.596533231554094
-5.3689738173165615	2.0877473677429483
-17.326994257181305	15.099836616676383
-0.15474675053335393	-19.68790798767127
20.911209745333107	9.105829886092817
0.0725177168182677	22.803224762866716
1.3240399260905549	-4.454682449293033
6.357913380336275	-6.666661933747161
20.439448238408435	4.300851772475067
-6.222492376744302	23.59462614139377
-12.693516908647448	12.79332289488953
1.2756548343397105	15.529110633179256
13.016765623846094	9.546461777060587
-4.309082596405384	19.463747736165754
-12.137616713563414	18.325557235955564
-3.921147671478559	26.072084464551388
-6.349985609289182	19.049941693065108
0.7733435820068894	-16.05932892969862
23.80063501900117	4.927879497155958
-19.688110295147826	-4.6418432668306355
-3.460829565770537	-12.48266077552859
18.331968460808586	-8.74203112199529
1.4710223294077736	-16.677600292048883
14.486791851013235	-10.005760983717751
-7.168689090991875	-11.08803353803702
3.5784864214462955	0.8715847516105365
-4.220185100552017	-14.79648809188437
-13.31921059740131	10.026389996830106
7.814701947620013	-25.820576016491174
-18.075592396161074	13.844550044500867
12.893356499121877	1.1370162125354701
-12.180411540025547	22.993459419141086
-18.593485232145092	11.897684982994363
11.59432456761765	-27.160600292970685
-15.389061018145316	7.216652612189694
-22.9169186849634	15.862497111775477
8.642832323349776	-13.981317692492238
3.309970196663069	-3.842991821339135
-1.2685212906187622	21.506231626896053
0.4043281890030672	-15.04416532238831
-0.9576217279927431	-17.850923284811422
-6.09036153918212	1.2235778735476837
-11.910816307811743	16.516501716492723
0.21978112570216193	-0.7255729151624121
-17.648070662346868	17.045626829413873
-12.715221092880093	11.714010186518099
-2.891870605348199	2.969161475920364
21.82054596229329	3.152749153034194
-18.893461064238302	-6.404670389873278
-13.661931298888094	17.548887224358495
14.905625725349083	-21.714042224842135
6.7812401132594715	-8.873039143398403
14.740017836598259	-7.737983736143467
7.567483856973886	-16.989957007335832
-3.990958931340794	-9.993531126652037
-1.666988206642087	18.582253861708484
5.471196609240751	-17.366232819365358
-17.834091780753027	7.717180655530198
26.644955293727065	-8.148173193060197
23.702590313880254	4.8908300179074375
19.86741591409394	4.575847225584388
17.233990545420514	3.675555751531523
-18.163060639106895	10.852597391152429
9.536742640739378	-26.932026420137746
-12.38368618777988	21.458899491893973
-13.417802658716141	9.689680355932142
-10.465401454660197	-4.277713312135677
18.845245443032056	6.307688515700976
12.75667573048697	-12.270920885280205
-0.34102330778760553	-12.677507456083902
-3.709476888592609	29.814674786296926
9.097048200406721	0.2508062512005886
7.066643161215856	-22.714889916572364
2.1262046219922137	3.747077712464805
-17.22538704363308	10.572853310135251
26.983244172276702	-5.950703678489603
9.218523602722414	5.6445011927865405
-5.493456852661348	2.793900195096033
-7.4866307215776615	14.229179145365915
13.494310640299497	-19.653302160689762
23.999334330004547	-11.330625321408636
16.1623897273541	-20.523431233789665
-8.794319442564912	10.381907557026885
9.902887360673581	-12.89317563764729
-24.113710411961268	15.609955021958138
-0.08154422732817418	-14.328707585653888
-16.89161181458629	-5.48615713412776
3.671515740958804	7.930439731223482
-2.758679837092274	25.802888285623315
10.323088363899629	14.933864016347751
-17.478878255490773	10.478062902421525
7.61860373795086	-16.94975041709841
-14.700243892174894	15.09250515330484
3.8732654053598985	-9.472030630156171
-7.247062852658651	1.720030137718099
4.949222011313462	-7.790929684095362
-4.429352215776367	23.45919676215298
2.2967798932188925	6.132766125525315
-2.742222471108182	-15.547530729927152
-14.19998127323897	11.125785528861561
5.657546314400325	-11.187881191728875
1.846353691741283	-1.4187026453575011
20.63652830693182	-13.002736361305208
4.1474025274763155	17.852337506118747
-20.545436236823154	5.211391211890425
18.523857074033863	-12.296266410798477
-5.684734290380116	1.8835186520753298
-13.435875815414532	-4.62551074282547
-21.131471757565805	11.821651941714265
15.555999446302781	-24.525066187042295
14.404109853851258	-21.08974762575278
5.881644083237388	-15.889290043554784
-0.963862873010343	-2.4747664760413066
22.676446286132787	-7.604689140321621
-14.465453450767678	19.74439387763758
-22.21768785190024	12.962350309148084
13.274006511750631	10.815301853317917
4.2550741242967405	-4.097502387402905
14.874972503216558	-19.414588009314542
17.939892193059702	7.897798651539721
4.086841768432663	-16.872455796913165
-19.065153701163343	8.764870127912607
-2.1209070049351673	-2.8991400978729294
9.291594625628315	-9.422594549809393
11.16824613421157	-18.972796240726122
18.285730289791914	-5.57418659155732
-2.457348347479044	28.31388470938098
-3.3585247737445734	-18.41970291883955
13.543554101276893	-9.34888425737805
-5.619459752593614	14.536129425827562
-7.895462046981717	2.0556158039454013
-5.889419499385648	-8.02211998629348
-13.274754251814173	-0.9821172220567957
-0.9205572156468752	6.832642666916179
-1.1086498989048323	19.23828229480459
-8.92486364358227	17.18898100125094
-21.341779805284247	14.655776323276799
2.233174031495955	-12.364851239579057
10.273166544947015	4.772587770339478
15.651244829001865	-22.835143183221266
13.623750369264142	-11.451645196947897
8.66278187643069	-21.750552014515094
-9.187801664202354	22.767358402371197
-19.0942021630064	15.903736632245238
14.876927020186788	6.815835535356083
-6.473988063879264	15.460634367566978
-5.097911328237268	-21.541630319879573
-6.396696874521861	15.828661833707676
21.376551873473748	-10.43492774703174
27.972216519227487	-4.329493210840609
19.538534149406527	2.5917269539903542
-2.8937350211843063	20.934608921060455
-2.041629833153114	26.12810358281448
16.682437946805777	-10.59366794556345
-20.181324516353342	15.649037113273438
-5.722032399840801	-4.652181814164876
-22.306155246885677	15.11363381108327
-11.452530268164242	-1.1961617761966197
-14.834883169037301	20.446559157822772
4.2672621312764205	-14.632449595390275
2.973278613678622	-1.6071973803127337
-9.872781380271876	9.3009419888065
4.6920428641803875	-15.10099523146445
-16.373095083186406	21.654965381366825
-10.023714292092643	4.890277197798222
-10.272161067173274	18.96154771343263
7.679487393373511	-8.771835654592962
1.5655786629983828	-3.939266718613032
17.49976774073188	10.906631316863727
20.885906420928535	5.893515623642745
-3.265612386504523	12.916643526357422
14.461951202578906	6.351298178314084
2.1900473911829024	-0.2328709333519597
-8.642134433861765	11.128916646283324
-16.840881730358635	-3.401225146957342
-5.7452239223970585	22.673191744933156
-1.5443509672230975	-10.704804522098192
20.868529259469003	-7.646817238814671
15.043848017522079	-22.06208672881449
22.23042764033699	3.052866462528447
16.99288017278063	8.308348240531195
-17.504013520557102	15.591704025803239
-9.855885112668094	-1.12999544908041
13.265909632485748	11.013519026342834
-12.559444818328377	10.925564640682262
18.712923027084788	4.396138479711316
-15.45325126826654	-5.963923694348597
-2.080837882314702	-11.828467293092178
-22.904836564797634	16.963371809165515
-18.13877089135157	14.206467735533193
-13.887322458989347	-5.043591426360696
3.156347360984192	-4.607997973889384
9.04967776140815	-23.724012593204723
20.81253434172427	3.128171910990548
21.206155037340572	6.46480623248181
-3.2273470227423613	-13.028809546095742
-3.8101554545889953	28.573289414674136
-16.64281771094639	-4.125540181465019
3.454448166067614	-14.142416066480086
-5.513070247280789	13.366366535991734
-21.52751977207676	13.860912570680163
-14.297087512229343	-7.222007414929675
-3.7091930468662486	29.920840067612776
-9.355141334929138	1.0930175606166799
9.107179664289577	-6.986119666918788
5.985394399942248	-25.97134146144878
18.90808395627926	-15.17318738529327
-3.229560667995839	16.342457358176567
10.339128002748836	-20.728778937504217
4.259828721067597	-17.644583992128467
-15.514751326823028	8.720863071052028
20.70215780171184	-7.57306611117978
0.5574129737390742	-5.906236047733532
13.520600892468067	4.196120369685576
12.250094606538937	-26.947700637585598
-11.925481677818022	17.836117143887734
-2.3401883938701338	-12.344053834768813
-2.995242691690362	-3.755446334237333
2.921434466561478	-3.754714239009664
11.767880592373736	4.126389297431019
1.699193811875369	-4.1520970347201835
21.558094301026856	3.123432138081026
-5.977095459928448	6.409014528477227
-8.538592415851419	-2.610485241031825
-1.2883128928196481	6.225453269320464
3.0149353049761975	-4.612517589804354
-16.61210727334522	13.057799862302973
-13.71756195920843	15.815372284736245
-15.753227112538054	-3.1765136288993197
11.150963899445287	6.453358102903637
-4.7337774606810115	29.430774790989442
8.0023742702159	-11.100617959325378
1.0034369106126768	-21.25057205453509
-8.058076216935888	0.11795473883883154
0.40330033813725574	8.774544459668796
-6.096086861399263	2.8881456907230088
-7.290033788081066	16.624436524240554
-4.254229269721677	27.505470866325854
15.605248417777306	-9.192736713603031
6.677743598997137	-6.499952787807622
-2.579578941444827	-2.3970904989854573
-6.35181221631189	26.39466599247291
17.808968995235727	4.21010345848543
0.7941734833434013	-17.64998335218386
8.594176609645022	-23.169158940064765
1.5043429918156939	3.2342373874999115
-17.122892758567826	-4.4738864931298385
-2.1968932870427205	18.995364607834833
16.64475765915506	-21.930402180995106
2.3457696623943574	3.9344988946955985
-10.889019480393358	-3.045861694921217
14.653214240575737	8.373633124544295
-6.752000432694887	27.579296616308085
11.899070789983854	14.742187413876378
-24.100038050541116	17.22562569939129
-4.523275899696074	-0.2188810370554493
22.11900134685915	-12.241674760409005
-4.555563472836309	-6.373737732860427
9.457568938163387	-18.69639309539156
-20.477725721598944	19.550440733194428
-7.1961655807643075	18.625402098819805
12.897322717553129	-21.11506482928826
15.365768663429503	-26.032275275268454
5.49222474039758	-16.445427573891436
-6.398936867974728	16.469432417917904
-1.280379542361337	-2.194753671297502
-2.5573418320117955	-13.422269233264574
1.125356425760576	6.675550067005045
-18.015314397626163	12.499155127020202
-4.048945773226929	17.13697668265054
-5.425902790888706	14.953688485168303
-4.307127225429296	-13.546038056153204
-18.601252408861267	18.22104085765135
11.323171642696659	13.92493392660017
-2.4293957659685677	-14.590301458657114
5.3550895848912266	-7.0965324356731045
13.763311341271912	-11.289165310911072
2.74055925865458	9.438659496089588
15.160858274443411	5.628422453724152
-2.7060627569698776	15.243968824841486
18.27801096175065	3.5510953518196082
-20.317676649544936	10.827295518739644
14.182196651367551	10.059763905795736
-17.952434527455882	19.8984222523129
-12.608090342244617	0.5548010715197337
19.124516391434334	3.8602919752744036
4.027085180296044	8.492493330438503
0.1296795101746399	-10.10640480563877
-16.120557739201075	8.768475404518632
23.896678833133745	-13.220974363506697
-7.687852086282469	-2.1853204314431998
11.87375499022008	-24.216945031165157
-7.461519184772331	24.374580682862163
-0.8088598718298067	5.823097613289546
-20.594702885337995	8.64473816574692
2.1087322249273823	5.8934857109542875
-12.562952543217841	-1.6852393191923314
19.419626759038863	-9.203466364756322
-17.853853969712087	10.062124652205776
-12.908939061305084	16.506569741208338
-13.572270015756358	-3.1532304390342394
21.441268423076966	-10.93783498595352
-3.136794417201265	-16.979411669302817
-4.1000946146770705	-12.024289310508209
-8.675917321320954	-3.7569268604208634
9.633849854195628	9.207476757869873
16.04426604820761	6.440691350938529
11.025765943205922	-27.37995142970788
-5.069788837362937	-20.489395533400433
12.375134109374821	-17.90602904270844
22.74797889870752	-14.146579662236121
-5.095778777745505	-15.26859730662503
-0.5863674521235399	-17.727908833303214
17.096964020216724	-8.646894019023524
-12.599446050121553	-2.7343809087594333
-13.662393789364993	9.609035439751816
-2.9507351252103438	-10.50686766623002
-0.8430358477709398	-5.045390261964816
-19.018263886961336	-6.845527189931445
-15.221077053330328	17.687973928507066
-15.860354447945824	8.191412158720732
3.060799570813019	-9.056309514606069
-5.390105941932328	22.67973371825787
20.126908074766572	8.062409530381991
-4.222852222929748	-6.031655975943863
2.9818880025987804	-13.446432960524842
-13.820800287993663	9.317454422687467
-21.83805011587294	17.667663446280454
11.87316128173226	5.369798207100418
20.857732616683194	9.031477600502743
0.09776979450446727	-15.550398435447663
13.962754101189555	-11.260155814115185
2.151153369327599	11.33620784526491
11.933979255275444	-23.895068326336432
-19.538584271351972	-8.792994706805265
-0.36567478787970376	-4.796214280438313
24.23681918262395	-8.589402436430204
-17.316197006286018	9.974171508463378
9.240227390952178	6.996594317053488
-15.79015475539031	-6.0371582734070035
15.995470147482433	-12.849696686365531
11.933006296683015	-24.74533551602257
18.76338517575425	6.132864631619028
-5.614233663335691	-17.987639045167615
11.123383657412992	-25.253729735664404
-19.06456082817371	7.09184883270958
-6.347326795108342	-14.436553409855932
-4.5233103357092235	24.46803354690919
-18.929342172818316	-6.667340242007423
13.009767604575998	14.459264507016123
-16.635624337438646	6.67028393416978
-16.18587181902696	-7.598967277059919
-5.963883073921789	17.957475120306658
-5.080820564240773	-15.358965320139681
-7.299896561929717	1.9541078686595097
-19.965566697926512	10.372640909404126
-1.963483685130321	28.447956195471786
-2.644838625127951	-6.762487317513562
-10.12985732844285	0.7317014509857498
-0.25606967540150555	-1.0128325999851082
-15.002070510276637	20.49109264644762
-14.952013740041144	18.167781179686795
-8.49167609477526	12.155463752226431
-15.877934959313473	10.825466132130249
17.259641871894924	-21.908697648636398
15.615892914191962	-8.472105476347908
-6.916631888695381	14.076194807745704
-23.560199339370985	12.208353989358264
2.257645109523729	3.704386713801211
18.717694967072134	-8.324078101049794
11.71524679396106	10.866092332672878
-2.7463539270597135	-20.651135923387745
-16.810119262415142	11.993842149960102
-3.859902368340856	21.90995935360919
-5.305454418133715	14.543345867640662
15.03389149041312	10.917493109823837
3.0075806930821445	-13.079114112738962
12.632607378952297	-23.80887988978976
2.8006479419900505	-3.5717543988808815
-22.14114838349676	14.101126276693721
-1.1054488343299702	-2.3766822678215207
12.157697634031091	-19.932108077493375
10.897175858054325	-14.69324991584707
-8.062150990490636	22.40511478321758
-3.1227727976412902	12.841877954898415
-10.638694242640694	-13.289411148785218
-17.92518936701097	13.632449229789733
1.1330497233158168	-21.596535489947637
13.725061790068244	4.7904323807330025
-12.436414373979076	-3.880995743335926
15.374063330699261	-7.890273292978309
8.225423167980646	-6.201873424481553
-1.3135718444863707	1.7995772625619058
-17.85029206943389	-6.971979528862691
-6.504748596430934	1.4475059387603613
-10.584233344912276	9.934284646804361
-17.16999994664719	-1.4995741879766467
-13.17240043528721	10.469645519796892
-1.306676088166722	-4.044067486399998
19.0162931593988	-9.414121246632536
-2.6658625078423093	22.15057944582684
-15.298082530968838	14.837927709172762
6.774778908637871	-8.870511511804132
-2.1292746065694024	-14.063264784753594
-18.923733038177815	-8.773866507553814
17.055786847882988	-14.179158472356308
-22.13332148392167	10.098959342449799
4.684397667801134	-17.196264001074915
-3.72322719332386	14.18031041061143
-25.55896773896615	12.54450812176395
-16.604528346599373	-4.102035421939322
4.192820855987553	-3.6661265370983345
-1.7010060343934414	-10.089120811104268
6.444959707776226	-6.686677569186682
-7.151488238189882	0.5184735796422908
-12.971451165049263	11.285981342257767
-16.574299394853455	-3.3382491917065753
-6.926711588570956	-2.5300316170022064
1.9988463099839069	-0.6639570333927987
25.306945658679155	-9.061457334507216
-3.5619501299445013	28.929377138794997
4.726678254347939	-13.267366663907623
-11.799224528634262	5.81328132153551
3.2939321016628242	-9.646652329508788
-10.777640928839997	-2.861140700295785
-11.168561967738883	-5.961026293697611
-5.671689299051945	-8.81805283137064
-7.846990550769032	12.935732787857962
9.372998879571112	-18.48439376023683
-7.007271819778469	13.091785778040096
-18.12718653811409	-8.91074673326219
15.863180884003683	4.410435644151753
-1.008310507116466	-10.647977299049915
0.7551339732698484	-17.037032303216748
7.62929603945035	-26.670764837684604
3.692476374749411	-10.20201050425064
16.90471672274111	-21.042314420042764
21.210414128133166	6.4909151564870475
10.781341619243177	-19.024080571015656
4.874662604876096	-9.75379575978251
-5.938651954382921	-16.35437014078912
5.422375768730688	1.4464882170649067
-2.5560257411081952	-16.05724874148906
6.8222292999848735	-12.893605206132007
-14.188790404107527	16.49971709045539
7.018489740565229	-19.85198099190618
6.246888090457007	-13.336092603584472
-17.385817714124784	14.860342879396448
8.816402321862876	-19.289394199068916
5.385864392077342	-17.236118351191237
-9.098520750471364	16.45058098891118
-17.63426103221575	-7.119256410849618
-0.42917626448242413	1.954233497992702
-5.349567941830842	2.5700876758278257
-17.00590033259833	-6.46813413599724
15.900467467612774	12.284300070275622
16.57286869953579	-9.769964362566721
2.5175153230951177	5.60627284540172
-1.354735484467663	6.890932368850492
-18.471672078315983	22.975553115279737
0.8348470743331045	-19.308738238284683
-13.612551067200096	-3.363083958775594
29.025181992567642	-7.369588392632331
14.88173649697435	-26.32482964689751
13.6929908502341	2.489196774537831
15.364760872172246	10.699000220531444
1.0419830620178652	-3.4325075581052658
14.40658968391513	-26.95651525434427
-10.704380380942597	17.72718301667689
-7.1611010706845315	0.3173606365899203
10.381120323254057	-20.85863581206089
-15.124877645927102	-8.65877465924964
1.5181073147601085	7.788916973800876
19.23259499125191	-13.495854130990868
1.1193008300021976	-10.441117090106816
23.097557246472203	5.00662038932765
-18.051896412206894	11.099263329451047
-18.414360815792875	23.027850887127517
2.7201354565466667	-15.519792827426114
19.830009565990373	-10.165682335560417
8.241741980346987	-21.116993693094248
-0.977903419356486	-8.323925412042964
16.734731306114686	-6.487971680908494
-5.9098720116101315	2.485657711936257
10.12763543777126	-8.738122774483838
-5.789464106333804	26.930661907679756
4.8377332240389785	-9.476491796407833
14.589620688009544	-21.672434972476893
3.2518928656262207	9.934602165073164
7.33347239046045	-22.67671038687904
23.174450584322244	-10.55833793335838
10.125645514904075	2.2707997883732114
-9.73674302036416	19.357794981925686
22.25361551969749	-7.460357017068721
22.79471695062036	-6.455022607469267
23.755350231772386	-11.679321829621262
-18.647860319593224	5.9370137461011785
14.999876871374243	-9.009987788592003
-12.596631805528464	11.193732750850494
2.772011909532279	-0.5470195378369783
2.0075884608843566	-26.467996282661236
14.175856049186926	-21.737777950879554
17.81438830715196	-9.028167668245375
14.634273514176034	-19.574870326985987
-1.4706158065281516	-4.144698657797879
7.008452357122363	-20.018673832249807
3.435133987826951	8.610100315455123
-1.772025953490085	-12.164364280949552
12.462812099011629	-12.789396926680489
-9.414393882187886	19.475167292494742
-20.14813746690604	11.82211589744007
-4.016337380937482	-15.92254784962245
-16.732232350314128	16.461798325735113
-8.973444017053932	17.66367669294449
-13.31956009587748	13.743080376339378
9.966762996366299	-26.682220880689194
-6.869861077352019	12.15982455697574
-19.8249948225814	-4.535665460153644
16.95429839711804	9.397985477914256
13.899660999565958	5.043910604461427
-2.389284632498113	-8.870674236065835
19.896195896339044	2.71772319119241
-11.545429081374243	19.069336145680474
7.896293912376961	-24.364121682400718
-2.3592524254827043	22.87917343693944
11.512263888323773	-22.734318535600565
8.292067280890151	-8.710614522150689
9.136180383770444	1.9760280262364451
2.692858369831741	0.3235916086586248
-12.280910759292324	12.983505645885444
-10.64442171764772	17.852439106238744
-5.570979964266383	25.33986931979365
-18.934912344519333	-6.302866279044795
-1.2891233140659293	14.297273256809808
8.306392143020135	-23.465033354169275
-11.426158746732	-3.126959789111254
-8.837840844725502	-2.37819786902924
15.610620768439787	4.8754155299183015
-1.4887747494001256	-12.348243952881722
15.229323387041394	-11.366458692166896
10.926890796605587	6.421529413647596
13.686285750249338	-23.701043484273715
23.96323463008848	-8.323453294252001
22.857938568656788	-14.186906499873729
-9.038231636033196	0.7376680808356362
-6.9404431357695655	17.79052339581197
-2.309178557005178	21.584528070400317
8.76476587711416	-7.082226178626393
20.397561560042426	3.517970637459753
-13.65551663071999	11.536005508855439
-13.607601605793915	15.75966144753366
-5.471837338588844	-6.50252882161422
-18.206609521207955	16.37840139696945
-7.683021844626217	-20.47355040270129
0.38950175775954676	-1.0811176808751624
-3.142374887257448	-13.221870456723062
4.416482571003172	3.6629929964772088
-1.2402631406730398	6.240866554120154
19.054692555587177	-12.005541600622616
5.587323291069666	-0.03598529394969227
10.705211856765002	-19.20231015187935
-9.612632249490137	25.743835483505254
-9.70971470719165	24.721439139064106
-4.56171395671689	0.993232395392527
-4.278404171710443	-7.13320171040102
12.341187116028205	11.938071600211305
23.972583234112577	-7.490503296693786
-11.005319103699522	9.983199771592048
15.842240014755042	-18.758504017155428
-21.565447002541493	15.62312047772776
-8.686639541944084	28.437353902253818
-23.434253177952	14.276207588347868
-10.169058191793548	0.5695715803099468
-1.3622911502691368	-13.535733782615296
-6.828759148295046	10.967341596742335
-2.495071213075051	21.122496226920376
7.14719748592317	-24.664956472044025
-15.289496946263828	16.28964312418424
-13.608775012025639	11.259828762971422
0.29391083382541505	-12.197968893257862
-15.97660327292772	11.624382247382773
16.00311818291286	-10.527263653349957
17.845184574606392	-9.15944531502712
-5.638129109673145	-5.4314225787408805
3.4832662442758178	-2.5935995994581718
16.70561693419371	8.453799401761295
-12.613951582240004	20.31796903051178
7.724968986780687	-23.818316618729554
-23.070232421042103	16.7045946555333
9.085311934851546	-8.177463807527827
-20.19103900994043	-9.24923702218042
-11.93113453872962	15.845714894965306
6.648820074670706	-23.185960030721237
-1.0375072235161924	-3.4304541971705302
-11.288173574261368	25.90740554296298
-16.897760909592048	12.059433947034426
-0.29637032946310427	22.677319159014758
15.361769353068297	-23.334988938652977
16.58107989786373	-13.177610455553136
-6.997597639381003	14.958219053008929
2.802843590619429	-0.9594206004955114
15.797076109932314	-7.96726715482571
14.2598199641008	-17.209635402229278
3.941465883535031	-2.6074841971427287
23.81744687922844	-9.66369529040359
-21.53046406201678	6.4935815036348465
5.548236342987354	-16.325025899040135
11.941150068291996	12.174730532252719
-14.599010919988917	19.83390181336462
-2.4703602991882487	-17.952986476555576
17.079711791729935	-11.795043183501416
12.165653472796086	11.976197573966603
12.238955894361824	9.955387757451573
-5.185544487706946	22.957746863617302
8.5841340447899	6.059654736234493
-14.917739858827444	10.81862684504262
-4.654728926968815	21.8766989289796
-4.938182885684927	-6.428561527152313
-12.781401143073301	20.67280872523782
18.36843575118086	6.9229615221553065
-19.29753405673573	18.28542839719321
-7.595183691380833	-16.686206522720166
-5.9944927878129395	7.854582297657642
-2.18485882049442	25.91194915253608
-17.705302790117067	19.80622078712087
13.693817332241625	-24.29764006334743
-7.743674856286293	16.77888579000513
-5.1398000213568675	24.517774433644007
27.11522720606828	-10.686333457378424
6.18338040217518	-13.475892991301091
20.223799170433274	-17.612832066020278
-19.020966007525775	-8.597790878318362
12.258986479656544	7.516561739974444
16.282185879828088	7.638301745688607
0.10357067943465381	-18.168378433194547
-21.323879359867398	14.969692536229319
3.316630872946988	5.377674026293748
-13.286754516610001	14.879630813972659
1.1464522533720523	0.07789547668197315
8.47463695252777	-26.59512321769249
15.801863425279816	-12.959583016321503
-4.640604290793846	11.006744123242123
-7.692264308175603	20.72208780433032
-16.628309936418127	-6.884175670485567
-14.662916721983315	18.661062737554694
-9.186567691330897	22.444562535283794
15.808111696035683	9.357030700040955
22.04697712558717	-10.569850876044274
-1.9812654234362614	-10.808943066376639
-7.638843671158428	17.98590259044969
-18.186684911107818	15.395260218404156
-7.2788402058782	0.7210093082812357
16.99621054161739	-20.968752251736273
-11.842787335731888	1.5095553796533185
13.590820941977693	2.930704191039141
2.5009429732114437	8.997059701850018
-3.860818816028174	21.259562352099625
-21.874410132125746	15.417345248235518
-4.190541707554932	18.22864785310754
17.10505353429451	3.7352691937403386
28.692009604092434	-8.28804183228562
-11.275052225581165	11.331783464631423
13.027068861774	10.873089854566699
-5.011526943428154	-16.882369986477656
-1.691523390573044	-17.67793724710722
-0.9188185838007118	-15.766066885970535
19.552508505413282	8.818869034342182
-13.229838916043294	11.653264344944798
13.641359976910977	-22.510907573222827
-22.768802400062896	11.602016732579482
-13.87493223535393	2.1181767983787254
11.6933964211194	-16.83767247542171
-15.525072176708555	10.792953109719605
-15.239202515077771	12.171861362229295
0.774240700417047	-6.340858408363831
-5.679482157053265	1.885384149601131
-7.500832395958784	24.251648777785146
-2.25253300979154	-14.537404820265966
-15.332897908012916	15.44018478148305
5.289805361761327	-1.5264879377303369
14.292572210681408	-24.596386820223803
-6.8632906242710074	-1.9041247615197576
13.578106854810342	-22.38181534000801
19.743134093752015	4.041314946646867
-6.765638087916828	19.511319867364847
-14.632881006614298	17.02751212656875
21.67707549612165	-11.62984144964831
14.998074442872726	11.006066140064585
21.006318323081604	4.274614811425368
18.062431040003837	-6.400635382181797
-19.135408626917325	14.885521736912793
10.168159367846382	-22.4813958934163
13.466447431599287	-7.082378647823376
4.026735145155337	-1.4415660896693383
-10.128040095439038	-4.122749625009025
-15.470567761739199	7.4316675128354195
29.073328511868436	-7.407477659856305
1.4849138650824825	-11.061256069855746
5.266472848580434	-17.029607025234544
8.053396022971995	-26.81087354927002
8.853483302810758	15.367290590502607
15.87669569854597	7.1996981008644125
1.7768497672172354	8.002682021126388
-9.157428937034126	15.168412119365964
15.905959013569557	-11.145325605828864
-4.7247355432296105	22.473758993073517
-7.240180829398671	0.8296995767051658
2.302565211849823	11.229815368897745
-8.430026954253853	-0.9290869141949003
-12.68018842040592	10.217033681120185
-4.121459402577303	17.475096441227198
-6.548874763379211	-14.341443076568503
-3.646534849606777	18.911400687224834
3.1590642476637023	6.784178779880931
-13.098044241233763	17.692536743934795
-1.1182197144103438	21.582986458763497
-14.872469476823095	14.685716370907876
11.729888697500655	14.745570441526581
0.5834173041926756	-1.1478844200071916
-17.49191911261943	-5.137438706151399
-4.37893933285116	17.970817274506366
-5.433170988230144	-17.972912473456038
6.653068572108724	-4.833128191097102
17.169517265870244	-10.601662044170244
13.604097361528401	6.222022872545089
-12.164673558258961	-8.873026002524522
-9.65809595503023	-6.620145925361319
19.114950467275857	-8.409425027983461
-3.1422199180173758	12.915957284895809
3.0925969094313883	-2.3443935061981436
-7.616233652258617	0.7430134833409987
-6.011050670313929	-18.58764672797322
1.4801791614772473	-0.798007586769185
-12.536672058737473	-1.9749128450387365
-4.063365057448803	19.906544658388704
12.582469649639606	-16.474129087402304
-5.694764797788275	13.145886350624146
-18.91335448184563	6.137895060481896
19.267000845031216	-8.841413227499952
15.644684925284928	-10.536395008507009
-0.6007005133134925	-5.877087584639391
15.13706272181388	8.430786422003756
9.302174605713589	-9.397961460210759
3.75319547720757	5.299790084947357
-1.238143766843973	20.464903434864635
6.859646360317441	-7.910034725890798
-20.975416016754256	11.588275199549646
-8.591715739650855	0.1878182105797978
-0.6839310530189016	-13.149169662445157
-14.885154758448337	12.927851039791653
-15.984122272641745	-3.0003749350176045
3.1826799342926577	6.367832145238822
17.6913238211655	-22.100487013563054
14.87366422063194	-17.73047906968879
-11.5669588650913	6.752041830690866
-0.6876231524475842	5.034575810305786
4.808035513679759	9.441967801462715
-15.445050756561148	14.84188503559965
18.566116803829384	-12.507248881074638
-4.930307925568636	-7.8997126179651955
17.736680219851564	10.782836832728114
1.3929859047211126	-6.38694450317338
-22.941990409601107	10.973372922301474
11.417397932154822	3.8277520534537373
-0.29709932356546115	-16.699340160505113
16.761029121125254	-13.02352505085961
-1.1335368770183476	17.14702172482637
3.795302292017359	-0.06308232703990503
1.7883464940436882	12.008151645430894
13.047709863831212	11.03765409633508
-21.385647920951264	11.5107113494964
-14.643885771415977	-0.1406325064211705
0.25455001362126384	-14.852914936786961
-2.4706844227789877	23.03076418613967
-22.363758614209747	11.400817181332352
2.4402043295317544	9.215434675420399
-23.563902593426548	10.736244554458839
-5.208578946028811	-12.513849161013676
2.0552523420250184	-11.564498504618534
-20.15065377131276	-8.15188153937166
2.855717773358747	5.454735721239873
-18.131149934202686	-6.99877112935047
8.67508412356944	-23.894582055107215
21.591481293078253	3.8741076971951696
17.938336994443382	10.72563948805993
9.61000255748034	8.89120405354977
-11.058138047916485	14.225766247305168
2.110545379885358	-22.793308472405037
-10.069184409176783	2.3696926521419317
17.523787840738773	-8.488996298026809
20.23923497077701	-17.563774872754223
-6.399136928717865	16.821268033567627
-1.680512637242881	26.48191154516107
-7.78915906338538	-0.096530201796405
-11.756261213973925	10.682823733992516
16.362680283908492	6.799253192737743
11.117896338175271	3.4040946578859907
10.506610598834477	-26.74859105229333
-3.962246555871859	13.910745816028573
13.578887490640922	-19.114161290870634
24.955288803774835	-8.740313172964958
-2.876193051057435	-5.5287153842789065
7.833664236363153	-23.249050132702557
-2.5931929830721905	-6.7045368742200395
-15.384186211216383	8.662375721057753
-1.9650717160246596	25.412892934367267
3.065789974647482	11.639027973499127
-7.586985208981372	14.21266543256843
5.097865219354751	-11.111607628367741
22.718929241815975	3.2908721527031393
-1.665352466693589	7.0404995372937025
-16.500972262535374	11.996472196732652
-10.0524141854075	-0.1552600667442771
-1.058516041987794	2.246393426943216
-7.436103769253185	20.273309531004287
-19.1311329536303	16.12753238173863
-7.8829237448425555	19.0449750219278
-22.301786391873822	13.545571424131317
1.4405213395385033	8.55556251702604
3.0238893433640444	-23.55179483329543
-12.451583438739762	22.84244841313299
20.856957329229587	-13.189118415291757
12.120728407817413	10.54203334577067
20.917530735780772	-13.14198319782071
-15.767962889737888	2.7781268030115682
-6.239605377731545	1.2974173914452765
-4.705752038041361	-6.244888406113003
-2.8615048145158983	-20.416274466633862
1.4768196636975859	-17.246418568512038
0.7173749988317674	-17.35537827184499
-4.7777921722620125	26.667502537096148
-4.221053151526659	12.940602680324854
-0.9203681589849155	-11.827967751795132
13.77877096247505	2.5003349268509485
-11.312288557714218	10.849751519646638
-10.347994522109916	18.697555629449937
4.146100919645471	8.58602706828341
0.3893990750713927	3.518873656417001
21.551277731840464	-10.641611030050909
-8.211392924579684	14.434027064162965
9.53667128494781	-12.851372897270595
12.690994068616657	-16.440900390401065
-7.456330541939814	-16.61494843584923
1.3547776311886452	-7.719924033334742
-21.11719090095772	13.632105987080632
-14.539513092453278	8.348083298306742
14.048583769017204	2.319559261409582
8.260002905430543	-22.375774601726825
-6.910187246020815	-17.311281596839024
22.680529127321265	-13.236713277283028
-19.563817192176955	17.252757096465928
-18.863796125682676	-8.341822179344657
-0.14611682596514722	25.155751244892333
-10.597452814345106	-3.368238436090701
-17.84150278278148	1.8449599799462342
6.77696713813336	-7.959810295488901
23.251176601454073	-10.407379013449228
-10.135267026764344	11.682192479525652
-16.572252851832427	-4.806703798873594
0.4280876740638764	-5.999936644047385
12.836002893807144	9.396103104529745
9.853240131964178	-8.033752962184462
-12.713655444886681	17.28153675457871
18.83107830533773	7.861630420191252
-1.6657466630591236	-5.067906971060056
-22.490904288317854	11.780890942017571
3.976422731464358	-16.340188730920648
-4.194189989419913	-5.106089135984804
-13.796376850542163	17.80002446340969
2.9812842234835686	9.279016998426838
-19.720559060474795	8.375590479678364
17.746115614792902	-7.613665928012474
-13.08670285376242	19.301179263822487
15.204401562597322	-25.571737543824185
9.456480357931046	-27.824960453719275
-23.829957156911547	13.853111812746764
-14.220418663847646	-5.348491482489519
-6.99148740724701	-1.910293261855438
3.1666165943639264	-9.510766727103302
-3.060211214952687	-12.804246927017696
14.071458670986608	-20.001787097552477
16.326510479294182	3.7437776935377713
-18.369802486500507	-2.8989984697195137
9.374585403766048	6.980657567783391
3.650460850796433	-2.221953063832248
-0.9877805888545641	18.757691134810777
-1.696315884472907	-10.175162366107577
-14.482420031929085	-5.328667623322222
19.3512256327511	-8.316302193834867
3.130130034723785	-23.689902426218865
-4.360729829349834	23.86685109562007
-19.243435883119155	-7.257729352384092
-20.015008540838533	7.323412961265718
-12.165806129121691	13.915008993979413
-18.404652302433888	18.36999227160884
-17.82534910946132	1.8039795255082884
-14.346487776244807	-8.410471461717327
11.737346209625672	-25.8733991282667
-12.62027158712716	-0.6071686360715707
-11.073533768041882	-2.797951791046576
20.35182344226748	-11.698188774753827
22.59029579834848	-9.598834740720251
-17.77465767122101	19.853982056797157
20.411457503154494	3.104422722999949
-5.200998697456107	4.195174949841136
6.261382077178882	-13.886701984357058
20.355596538792238	-14.292091363041878
27.69545266112608	-5.587751425116618
17.859680593473293	-8.929608361836719
-20.464003796047425	13.855819899933628
-7.4480669648061335	7.959247981958619
-13.83823206437795	20.103554089737223
23.473729282647632	3.575850190328425
3.0938038553610427	-1.6303474920323509
-2.9692841988383867	-6.940945756343928
-11.432707953322323	-3.758026900282264
16.890997387476865	7.363032995486868
-8.853285568641288	11.801070656412369
7.142085876080718	-20.593017845097453
-0.4177885300724488	6.347770267293541
-7.847589981581492	2.9644451705868735
10.350755274974068	2.901148716047962
11.112105976406445	0.7961988872315394
3.0183550734891376	-13.375623533448348
-8.371594617314992	-0.6284048492873123
-3.290746077946447	25.537363236546287
-4.037226057001824	2.103120155723085
-6.49909038223242	-1.6311635426185807
7.522841274504355	-23.94570679701422
15.623904107233697	4.77210718824872
-25.86248912271085	13.692102316599994
10.524612446875786	4.99082746147915
24.00144553549581	-9.355731020841606
11.144146451708094	-13.480212398981706
18.07111002629537	-9.059366576636707
15.856173429809923	-13.197584666588718
15.65120696109526	8.990027704854656
1.2485226098626483	9.787708483201738
-20.573243045349162	8.154002383312642
0.7017966315670338	-10.49920084087189
-13.199975797049579	15.882690828159161
-7.175589536147176	-7.165718798305434
-12.20308896660031	-1.8121092946387924
-14.313952375186622	13.213318106624712
-2.8362008734496733	4.130575194457736
-15.894396359309168	10.65031013793798
14.521964625192831	-8.29444202342456
-8.129075788385789	21.85421556854032
-19.504268417583834	17.65947512576327
-19.788664583687574	9.861449434366953
-3.9593535228474614	21.724489945315835
-4.514385708229877	2.4725985725231183
-22.38967721657402	16.329627747322498
-6.18412794078084	21.45803679175503
9.438787147499282	-8.575921778491404
4.144957461885066	-2.419321706707488
-5.559401241037846	14.268818300003769
-12.187777599534925	23.056577666069302
20.90145998676626	-7.888328839714544
12.16139783143746	-26.858191624664226
19.959274554083983	5.0443466269544635
5.186947304941253	-16.439603780466438
-4.81004883875663	25.44153538047921
-17.54629379582269	8.851785116279812
-7.644271905803519	11.4843259093771
8.29593914325692	-20.869011898771003
9.278628346520453	-27.47412228907907
9.928805972502047	2.449727218317231
-5.534073171153575	19.579787604828688
25.77951744254623	-10.08922147757297
3.277304546431152	-14.319875257901883
0.28275922084241845	-19.455188991666706
18.970208302506496	-9.236006531033102
-10.510924951183643	-2.379014008068891
-14.86523687124089	-2.7540404701787593
-15.45969623928931	14.431771960108271
-0.04635075580411039	2.6012939483316844
-0.6494497991418504	-10.127874420320794
-2.6875632260513154	-5.3705604546299375
-1.3757675343222326	-13.759044296667163
21.839069437798578	-9.521293631421639
19.768583185157205	6.056345299839721
-13.986943961161959	-5.337876303645808
-6.4306995385471195	13.593435973410088
11.02689968380662	-7.201014851593637
-5.600392270692802	19.636675695721024
-1.664040460887905	1.4152217758361962
7.776351047850184	-21.363335097953996
16.054549701974274	-7.658856601760512
-1.8976698280629694	-5.087165477617472
12.883100403751532	1.1828673259506466
12.256805732878368	-26.793878223636046
14.160483340220468	10.18805296471496
-10.807555861442061	-5.100879511415028
7.23557105443397	-10.667933293778077
3.813552932984045	-3.9102482899969195
-19.13718152087969	-7.258406134460177
-2.3721954027127863	21.94924527624234
-7.3998953514490005	-16.381088229909988
-21.028170773916422	7.745175432372475
-9.377915922857273	-0.35583025707417026
-2.2005355667031914	19.414772901215855
-8.964349796351613	25.763086192463657
1.9861776184714712	-12.126997081053954
17.091891204199	4.320504787506139
2.1244004787005344	-22.88955916358155
-19.192300836892485	15.095771262525606
26.103931172887314	-9.049463800568024
-7.054888892108057	-0.17761569972510646
11.14463850903314	-27.420895222722464
-20.69285306791485	15.939321737915694
-17.707227061619907	17.75607948680321
9.814333053101702	-2.9171821471571238
-6.889227677348528	14.40769473544605
21.415587256015492	-8.94430762047047
-4.850721631809839	22.17826055905983
-3.3379123257775953	24.294951956622747
19.040737147568365	4.939436629707559
9.286615243599098	-15.892593772245862
17.255894898433837	10.98104342960357
8.886912817068763	-26.154369925303815
-10.58505720064274	11.679285374241884
19.72441950975904	-6.294947428934995
7.379758647481716	-8.738133182312945
21.029744040728215	-8.425964771071989
19.41216195661004	-10.27481820824982
7.807298339842606	-15.016840731158846
1.2321569344795447	-6.256420491428921
-1.0311957207214426	2.2763619437008398
12.52117356471183	-12.829927093442592
-6.734909085002499	-15.120460046764498
-8.057868589997248	26.43532152945202
1.9380896668899077	5.6835282606610615
9.15968344242435	15.119834827532651
-3.6100436722875804	-15.861817755069582
-10.52435573285969	10.16151495315479
12.656576514837944	0.9945065074121736
22.53774157900653	2.9545834021466004
-17.393945025757365	17.949848004045574
-12.486787234962607	18.093960185190216
-12.415547528113377	9.804597061148542
1.0838370337784187	-3.281063318480556
13.886590225925719	4.768410946322181
-6.387350259945509	-5.035376858424804
-11.602706086014944	17.63173970727846
1.443296709028296	-10.370627691693377
-8.862984400823523	0.49839762425620454
-13.701044547637562	6.734192928746018
4.111469236374212	-3.570813710572223
-18.272326434705104	11.0185077994677
16.84182408311599	-12.549628093744163
27.384082481751072	-12.215336977887558
13.536606664124646	3.3994723073442668
-12.427648326086468	-4.62909030270866
-13.60335893927132	11.896228737781211
-11.248355046785347	-0.2627082478701284
4.903337634987095	-0.59474400079942
4.045696197890984	-5.30452378329292
9.109817590129094	-7.033195365615025
14.476991432707559	-24.002152569897646
28.201859004565982	-7.695591920161675
12.02464738964736	-18.813540085066155
16.256902152738537	-23.830830622955226
14.882908089863488	-9.085957043490607
-14.02497326443195	2.4867177062144576
-8.080418644645436	23.7397239257983
19.694299151542047	-7.974065954688304
-8.332885141329012	-3.773688113217621
-22.253878794306328	16.535756032764553
-17.61979034862654	17.27493684068023
-6.900431277251087	22.259830128564165
-11.029385523451435	2.0945599655117246
-7.450740820221513	14.456166519296344
-7.7159945943464034	0.08982171208125789
-9.900171674659465	11.26228306333042
-16.085366992327796	11.48363583016867
16.681208946142863	8.547750083059073
-0.5537070018336296	4.734760975401436
23.97177080680824	-9.309951606489681
-10.021532777550464	-2.4429782226479193
14.428786208617979	-12.713948889850908
27.771405847793908	-12.16339604446197
1.230410807126202	7.490747737737372
0.4201627639391157	-17.62211104397025
-12.895365979229977	0.0015937631167656436
17.80967454214525	4.68334611226479
-15.038579799051798	-6.030172417398325
-0.5843940147084494	-19.92902926268789
-3.2345888965779945	19.359668655768743
-3.810893824768199	27.253902195161302
-12.245948887170126	12.168992952772076
13.179785882552038	-16.482164247171685
-4.044893015672343	19.49773098149842
3.0827301990113463	-9.064622370206926
-9.454614440512875	1.439872893790609
28.13607967607312	-7.51731605469206
26.509950721379898	-6.611239349100194
25.27490151452656	-6.876610769424475
4.295226915605234	-7.681448516633408
-12.65708940219425	10.708162271874393
16.67908928875417	5.57518440103732
14.063828804231735	-20.896573290113118
-5.526398088669334	-18.817400936037778
-12.944191780966674	10.63570436575451
-12.813104911547626	-5.515383379034311
13.401302042863918	-9.490104462895037
10.690642588732006	5.179270609842039
18.688998817746786	4.556507788894255
-8.811402325720874	-14.8707638566564
13.52750204963456	-19.015000910058983
-5.347617353876071	-7.375509646795252
-14.553397586028474	-4.689883254377221
-17.420557409201837	8.234625928869143
8.045620605850273	-25.353266388740376
9.796715262882017	8.47919396857466
-12.284267967671344	-0.0670705195096977
-17.632773351142518	-8.827373363283376
-5.538977012783573	1.0179948792669653
-20.974828491639265	9.129362824552611
-8.33144405751918	1.3301727146233946
2.673584669090272	-5.356202111229371
-18.339787065685606	-8.144803919252302
-5.567432339032249	3.317164101275054
-12.276583986612406	18.078110858818764
-0.2814376687938529	4.5420554186236615
17.563994519539442	7.611304619810473
-18.474442134116796	-6.677909698502376
-5.051666779550577	26.583169960721097
-10.63694309458168	-1.8127845978615242
-21.069474204164916	9.1940309416907
-5.020011338103676	23.051580500201165
13.262638005204996	-6.840017668070164
-2.668834569211979	23.0782992618635
20.772666643698013	-13.237074804546088
6.669184893762472	-21.193290167903637
21.47269451167393	-8.908110340875648
-8.553531394060377	-2.7687804350837997
-13.662916789466655	11.484021394129602
15.349843539034104	-9.899195026241054
-16.029097994431194	-3.808725074380104
-1.9326931306263695	-14.292621140812336
-9.476991307848069	-1.6826221221916362
11.45113156414506	-24.047184884252495
11.934072294558261	7.68872800028328
-4.467853292504818	-19.307849371082053
-6.9801816435666115	23.2361269074246
3.332521781715162	7.11177137363028
29.248572479186784	-9.66066554789661
-20.603730925520704	-3.8966646756020884
-13.233198828016448	16.373627474738196
-7.586886829555723	20.37189851172504
19.924701311401122	4.335798195241579
-9.877970283106272	0.9019699381271008
7.271499826659034	-10.293183342119532
-4.423955531612858	20.684541355012495
-24.475585664302162	10.586077955633293
3.162134875307125	-1.3165922322344246
-17.14197773793184	-7.046374082316198
-10.566937089768018	18.295551348003812
-22.26071194590432	13.547061361894537
15.681416230064068	7.694675820724982
11.012267124473112	-22.846273727765173
-1.7128226726567388	-2.8673183573931156
12.80402900015395	-20.417636660432127
-15.956213398326852	-5.8014569521000805
-13.80996097369792	16.845398050423036
-15.44213906226491	9.324761659429498
-24.650684055560895	10.484432233066089
9.628065119745868	-28.855043497714572
15.93607347617091	-19.80121343841798
-13.301604540259941	-3.630198828833566
26.46708948670973	-7.57692702963258
2.4216540055188713	5.079511788733531
2.280706963573632	3.5342416105790453
-8.78893877424398	25.98320095759656
-19.174048082058626	13.05171434457605
19.311668115153697	8.939250445938107
-7.369911842846125	-2.512211998471872
14.476939221925273	-21.60869803528423
4.56330790481847	7.895937086800948
13.759494257420641	-23.425213034809005
-15.58166160585549	-3.7472246750860867
-3.283586383787313	-20.813149444447575
10.939980301936002	-14.594314052476822
-6.055224010227654	17.59436388965725
-11.543488996071645	-2.086409466250472
-5.8749493971897175	18.164601132146178
12.765604730055525	2.4922922943099213
0.43578476158533114	-5.342536438122428
3.916749987126061	8.460550861438975
-5.078380841249469	20.520387264104
-9.1983912769549	15.83426745055452
-16.692905412544636	-5.6177397814994725
22.814336788593284	-7.680389631052981
-6.2824720739499575	21.96503947555851
10.362799442403624	-23.996847039690337
10.765839391101002	-23.68529174957903
17.2382622519191	-10.887824220269104
-3.8278502033091244	5.032912867964824
-3.6129894194543954	25.668995928679198
-14.93124665409107	20.246554378479388
9.58668692508979	-24.515739308909428
-13.622584166555056	-4.931682870296714
9.15175365721817	5.657858646911506
1.7194602126466216	-1.0695836655186777
18.15164728472655	8.999693881417665
-13.256644763939095	-1.616130630360153
-5.894689073400192	24.443961658093645
-6.202719132601542	27.572112485076993
-12.8111428608125	-4.703343742659224
-1.6760892440962871	20.79863555208051
-8.720943579617003	0.6714515291064161
3.548565525078902	5.318777911697563
7.075857942708228	-12.584738551402001
23.11363846635538	-13.469073178090452
-13.276290277100047	6.884759943793209
7.084317953115913	-22.51306765369575
-16.642537218023573	21.207953778216698
22.593281066796862	-11.129141918002405
-17.187752471964682	5.199263172202451
-16.297348313362548	8.993365034517922
23.099193581144977	-9.584143515230267
15.640466869273249	-20.4744679003915
-3.749110981616912	4.959906002420374
9.951849268130799	2.271899153361593
-17.89921156137528	-5.113327807255545
20.2819301702434	-9.061798126077871
-4.90425100892068	28.45665893151217
-25.45122115517292	12.786557871005856
7.186697125532525	-5.066871959730521
-18.272929537538847	-8.256121042713767
1.4767545485364348	-2.4867530366794863
-19.31834158163358	14.895089917532548
10.65397715655078	-19.492070285519162
-16.276708553493386	-2.906582533289919
20.93817019576423	-11.711042013135417
-3.0450833477200776	1.0363022283418837
6.935826264601032	-19.72919658940892
3.8445953629773646	-1.5251862715434608
21.11425803807807	2.7409270157361374
-1.8221405101680224	10.83427815424619
-0.7882440306974079	-10.969005440372673
10.379730906123743	-5.332230546863712
26.650040424868035	-7.553535032864263
-13.188283155146962	6.580577931432738
15.322731362204316	6.809077953777228
-5.725019711336608	23.822618108108728
-18.915077275770358	-8.606377344293236
8.005484573072176	-23.48989328095528
-9.604010396889057	24.68807244835913
15.95674148666005	-24.094643416819853
12.721254051551664	2.7920933392211214
-1.3834595852539604	-6.659344092932621
-6.6257841768768255	-0.6167427659442934
-0.1806033425710284	-5.590241001227222
16.022880400401014	9.232631349714495
8.534790107749439	-23.093642118679792
24.872326719460123	-10.472229728440682
0.19625640100857286	-14.82268966866981
-4.943235730583795	8.632652413732488
0.9904884571957008	-10.19320913435017
3.632273339883981	0.22057214910211873
19.881728070598548	5.401565792094292
13.69598387119533	5.910769086090501
-15.874888195770941	8.804127986711654
-8.099962157763663	0.029884892558678326
-6.2181814615778706	24.667630061739
-9.058137454060198	12.748614877590896
-16.910157498830657	5.086765435895123
12.898225434845017	-26.53216940126121
21.76760708669376	-10.325186760333109
-7.880665819147986	6.627936540075675
-10.766467023366587	15.406317596026453
0.5050963129717626	-1.1047375957547068
15.646091101887531	-8.544838054550494
23.669793495265083	-13.12705947371931
-15.378774450148278	-5.9990690627492445
10.358292141109137	3.3783568917472437
-12.727370495904916	-5.525593668041712
8.395373305199781	-1.400875195344937
13.407942980263696	-9.102391463137682
-6.590000509590654	14.059971356687836
-11.551645043442797	13.994210541068295
15.125508323466315	-6.883469688729186
-21.407609988350455	16.173828213222325
12.527360537353639	-12.427191894120082
-7.935426847596771	26.439763957874806
15.699832192766545	-24.81885383135196
1.4194367282497398	8.888361824558787
-16.618927976009836	8.278624345923417
13.638805808401477	3.8282118024126137
-13.757868017992461	8.803175781688132
-2.96654897121908	14.650002188366209
-14.48439651239914	16.36207601969028
-21.189634520888728	9.273707631806849
1.0864674910947123	-11.956611579810927
-18.577884602672846	22.911451683523193
-2.152533690855058	3.2361127217369923
26.624873451486557	-6.328036136744797
-4.175055169639782	-5.996828748026661
-5.714687119091057	19.41874565094447
-19.125222755658775	15.289761705477147
-14.277262427673806	15.05065464470057
-12.85516166143612	22.602189915835577
15.971499089753118	12.163153088100799
-6.1621096556844535	26.17590944010671
-3.4399312325233047	17.364415881523247
-18.706233168809792	19.316890294434252
-9.676349679176047	-6.373119581735031
-1.1004815993494164	-9.06532316062344
17.74720986249586	8.241067740745386
-4.439277108375714	-20.310044341809792
3.1831401099058807	-1.6550605262066729
-5.288109041990306	15.691924755116188
-18.503332603713158	22.97858483386328
6.786441231832407	-9.311361426047961
8.155413634538093	-7.466846746607712
22.545156743664702	-10.605793212273271
-9.875511247418775	0.8303640121821034
21.648628029958633	2.119753395388422
-9.094541565821233	13.232996947499139
8.270792269805092	9.673615017323131
-18.494502143986352	13.883207180653008
18.835502730316808	-15.51484732143268
11.610858626730552	-25.551165779774923
-8.59827298414528	28.331282310616043
4.339821391115969	-12.123164214563257
7.251475351127426	-12.594204785621203
-22.909768946231562	11.880036944282045
-4.003890907926161	18.186259636433928
-5.069230012353449	29.376551788949858
-1.4193094389878333	-9.094482155522822
-19.078359587127316	-8.670207732935921
2.748982334384109	10.862708729523616
-11.324468648473143	12.810731858108541
-9.869842121714651	10.645678624551664
18.04485880661385	-10.100327617041117
-5.151268203089701	27.770278914305063
2.3861566195803396	-3.174401268630015
11.97568619239269	10.456529331554854
10.268675095820097	3.6069222531268252
-5.177149840613751	-3.124004776082908
-4.804386986582179	29.280673934047158
-9.736800919947523	19.200951777044477
21.398295222038815	4.174529602293966
9.755172929964067	-26.47792041064557
5.338943926030864	-6.434780354728651
-9.038313632885266	0.1765572931930479
-18.491256025507205	-6.971913727450463
6.0091806672037995	-15.694589176193055
-18.37313001644957	8.444834865780551
2.170628500746394	-11.797656448177541
-4.936869465536683	17.27479648500713
0.589091141506121	-17.543984479343145
-15.109300658496485	-5.974682514150952
-9.07503026986496	-1.4745445907994525
14.582358518089196	-20.61717891280501
17.959443394382816	8.309062190588717
13.924654452290293	12.106230605284992
-5.556955405716101	14.421016903299241
19.90913968211569	-11.370542669385573
27.257979050064282	-11.96480249484902
-6.093149636171964	13.484681816686741
-6.384129115425507	-8.662758564772078
-13.44637719587059	12.028302100667915
-2.1394128413702616	-10.333949974727185
8.737969189361703	-21.443012912663217
-14.672055671309423	16.189955178785418
-13.688329278150043	-0.843505393407376
-3.1070815723044443	-14.20153680726434
-2.666039546460122	28.325815994002582
-16.13712682629459	-5.567436796019127
-5.839888421779971	1.3569884586579175
6.9432426711658675	-28.052891050642874
-5.420380192043673	11.977101590666855
-9.914133519094111	6.806054830006057
11.609984978074667	-23.792018655193345
-4.836789941648686	1.920425657275923
11.42618110204573	7.402518340307726
23.703538995553963	-8.457238707298401
-2.2311538395954513	-11.65805831676504
5.990112429207834	-20.31679971064352
-13.664789813363747	6.848718723219815
7.454620780707441	-25.53959030688672
1.1089909744298163	-20.618389735552828
12.854802892762029	11.716220794277065
-22.01332485703776	15.2903136815603
21.335347936194392	4.434345441953702
-17.033170503663523	8.33331252176086
-13.96370044959234	12.995691401071463
16.57170086956733	-21.788043461394125
10.190159851377407	3.934728425924463
12.686098935123246	-20.881779887118167
22.600104850961657	-10.82307642098887
5.027079747132025	-3.6020310455808238
-6.903840028713585	-17.3390736181871
7.99743074472891	-22.305374715367556
-1.878813352432664	-12.819521533795381
3.2788431836368748	6.5870352146552325
-13.370883139335179	21.07107050374706
21.86122488934501	-10.635520005106088
16.125366049522157	7.580465424373687
-15.271187347100886	-1.4160862595102333
4.675653820889273	-0.014296981879069042
21.961144191010593	-6.952745192597616
-20.819187090252274	7.881371207133882
-23.321876587095968	16.053884298052324
12.642327805251908	5.954788264031494
8.684069747580358	-14.017359337668488
7.818884091813242	-4.83233918411083
15.294539766676586	-10.658032857749264
-8.52897205071498	25.915178229642603
-10.26507269878115	22.98619246744966
-2.7159216533634156	-16.13128964908804
-13.841228202776458	15.843460507364854
-17.63746707626525	23.484006416160117
-3.5714996259477196	27.562721518768253
-10.236602948864617	9.965256329634432
-3.6207432660179046	-16.879394617998585
17.261043721393058	-11.099983423179394
0.42386209107985556	4.604337894039854
-2.642941139279559	-16.49241210761955
-17.06583345459237	-5.673226873690583
-14.441744145820927	10.536441995319096
-4.000684720414918	18.707746010368446
-4.066181327171281	-16.844004333266714
-1.437067326236301	-20.41271477894386
28.651906415609805	-8.328323838796692
9.402690102866142	-23.673519794392497
-10.31434156971462	24.152419204699704
-5.08466847814745	13.94028412044935
23.95176063197132	-7.459170404325366
9.26060206838799	-27.4136281559533
13.691569326231864	-9.51895864111913
-5.663171466678573	-10.337600188181296
16.290201796819012	-22.04342057023789
17.978921114824878	-9.753703204149591
2.3610294738639412	-2.8896071995612322
-10.204750609381806	3.0361916703100995
21.77599293716861	2.491218866263309
-9.947645423864222	10.00932694293327
9.179283372867955	-23.456881071551337
-12.707577012737914	-1.5064171031595597
1.8001222226163798	-4.373097743393952
6.122794266521809	-6.753592656274112
-8.528473262344075	24.20693005848419
-7.485010952867705	16.67977377796323
-10.758907788268866	-5.270152206783607
-6.236286731483833	1.969692176790293
-14.529207859825235	-6.943453047527122
2.390183409667656	-10.785926955370712
-19.004812987185574	15.075245003585188
8.744686133175094	-27.841082853428592
14.438265884266366	-21.586147196409524
2.702621860767154	-16.935764287601813
-16.803091612056097	6.462698704607582
-2.4275033608392578	-20.857544915614415
-13.767183875820132	-4.865979618793383
-7.262471614762076	17.982557223170343
-7.919474520235619	25.78793374709775
10.767115551090027	-20.679863603925238
-4.475869020204291	-0.08467702601147303
-5.957449193812452	-7.992908898210182
-14.39799947825496	15.237533339384418
2.9380335107077475	10.56025355821099
-8.999263314654504	7.209637393890237
-13.21666136028894	17.757191433342914
11.828034560698878	-18.90737267639491
9.043398561795767	3.5666445109574014
-11.75029368290172	20.900250931146875
11.845767722334879	-17.194347608049434
7.704722860327802	-9.109389051438102
-16.75400711940605	6.725655872339606
-1.8889874395115485	-20.4577346975199
-21.559791071175802	16.357798962858446
14.929793493797572	-6.9825712536463485
7.936764217641455	-27.1429272491204
-10.214590225186594	6.803883308204449
-5.264203280193556	-1.8305083082258014
-12.683317301498008	-1.6608203600560973
-3.817193803024814	18.927670273232078
-3.6783629052424454	23.01834077203092
-9.560843838381693	-7.007030219016324
-20.10123540064988	10.82541794273656
-0.903229336443702	-14.824681438955846
13.835742354242576	-19.973387761988178
21.037209513179874	2.7696962151143336
-0.911415432524023	-18.347358127305235
16.482159359871257	-9.404202571817056
-5.33543261996872	-2.0291115216150986
13.84892815648827	-21.164249938710768
5.1301333522584445	-1.7311302761215404
-18.508708662418506	6.658076465753501
3.171130191688082	7.296919727062129
27.29630650187965	-10.293476156736427
2.6518974307621277	9.306822042530552
-21.203758840695695	12.208911429881665
-14.956914469573015	-4.684084636678303
-1.5677631946140298	2.7216056136826547
-12.264197316694256	10.654059179161147
-0.08602597054087299	12.882432663804284
-8.470395947837927	2.306647941557457
-4.433706984835786	-13.527011171169327
27.277348744096205	-11.937815110512426
20.16509281714133	-9.938063688034687
-4.062117746898289	-6.673114259954071
17.45958867893318	4.819421693414963
-22.06054751669488	12.989014171165016
20.95485074262923	5.81478434261106
-0.38131507249960017	14.950183787482487
18.54758668014662	-8.303570530642855
27.139354296970374	-8.996000683846926
-6.529818301179769	27.965834223150534
1.6688840625212842	-1.2819359161956096
22.983597867283013	-9.429246695024487
15.69850222456118	-7.581498209560361
13.33981246502862	3.9268645235115756
2.4178770448992175	2.5105824401976444
-16.16612506610515	-4.328346338727547
-4.898475637390645	20.4573496003748
-21.531780368617802	6.653076515815947
10.330990142445517	-25.89079658094668
-3.9574618389836105	28.206684570640018
-20.322656040728578	20.043354435021023
-14.058657553279119	6.7903248846211195
12.758227551200171	-8.914176229148879
-9.006480247307419	-15.373942260458966
0.3906948173559973	-19.41871061792162
4.332980254332554	-7.503751403791676
5.60898389696622	11.034202908025275
0.3645644334944022	-17.932738599314643
0.378488315672065	-14.424709565014657
9.237156369410192	-8.911974285277795
1.1313298655853121	-9.650716977546374
-10.264818233190944	20.456251363881062
-2.458274426447847	22.438036136672554
27.182777416174943	-7.626106838296211
-20.316154218973903	15.707819058614017
3.110017910656271	-18.01168755650367
-20.58834359698153	13.142763072110785
2.692511504562299	-23.260275370635604
-12.814042526470262	-1.5934248013231906
-15.916579518909394	20.070757877672605
-20.512222897717315	-2.4439248225540338
-0.3158862987783296	14.612182739815447
-19.583542479390736	10.13203275374425
-12.115630791927918	14.938908486079612
20.30859037831254	8.080830925344761
17.544663726528846	-22.56891469605705
-8.705327372374613	12.44350847378172
-7.461058629244434	-1.8112265937317569
-18.02957277313094	-6.62816035917878
-13.311283220839451	20.7456646890671
16.882696171945472	-13.286631973611113
-11.300820757241693	14.249295115892652
-15.307133943019657	-5.00476906532252
-15.694580553995598	-4.228898996420595
17.6276418753751	-13.951192104622605
19.713260085759302	-11.294565547466657
-0.10330275148707242	-5.869438234339054
-19.002722127095193	7.595580255067484
0.2603928480515492	22.875190593305515
3.126403498580642	-13.352963818912993
-1.3124739698233128	-14.934070290154716
-16.316454265778937	-4.186544487986456
24.62015412863093	-8.969185926739387
19.661657350020562	7.64107182222293
-5.258743874026283	2.826092462304445
-11.25525429166417	8.649600818220422
-20.543632581502177	12.541865049433168
-8.541323654059967	25.878964626742967
-1.655219781518243	10.585064056060693
8.26922822520749	9.693618170733044
-17.244297700332364	-6.569200468779026
-3.2119259073735296	-8.986937231074778
14.468411118219825	10.447261001218234
-3.0234603349769094	-13.034247216774851
-3.688810779700632	25.20766394554407
-16.71233413665037	-5.2717235379937275
2.623141454697032	-12.484098626362167
1.9348524332568122	8.71317870555125
1.075568189155412	7.051019269335696
8.462946204079314	6.067703337295428
-7.053334289914613	18.904101589157406
4.6916532348241295	-9.345036152686676
-2.8688811855927807	27.635315696388428
-1.302911074803919	-9.995831148834382
6.939302815154046	-20.00784766738252
-7.327080167448978	-10.772116752545516
-18.283699562982672	-3.971626635835351
9.14308539161049	-8.749986386927805
-5.658306648673551	-5.573144432831689
23.122286280945165	-11.338607173895433
14.643370512547692	3.6143141016261775
-10.608952850434287	-2.577780067068066
-18.622129800092114	16.463194324398273
11.620759747640456	-16.832670724607116
24.97306639098075	-10.249763625449583
-5.250864930419576	23.477004096853985
-13.539325789544206	18.1645824646608
1.9632636462174267	-15.331860289020893
25.02656776834965	-7.300432089000289
5.079762124283374	-10.67084755931374
23.14114381341261	-8.474128770483292
12.158699595525281	-18.673993641891325
-11.160658419381834	0.09021615655327457
18.619963771942782	8.577649849143649
2.4345232275385023	-10.749666894163523
9.029314603891809	-27.65390399739293
19.604528316529482	3.3505205555542776
2.2729359116729233	2.399389884819772
23.210619211885493	-10.914481044692623
25.014810288400835	-7.610945773754105
19.516631584113888	-7.998271165627393
-6.041747603562828	-1.1268295751713884
4.74267485356328	-13.062307117046922
-1.6985475776953307	-13.922461269223872
9.445645554728133	-19.919715338660147
23.308873041366116	-7.5934642058815385
-14.098525140257456	12.636486546236782
-1.5959395699568226	-21.70950604435033
-17.64254803367404	23.48776822359545
0.6821159706643998	-10.20342346263357
-14.8232881279088	18.231760935478125
-9.328188421046114	21.294701375405687
17.080959872346558	4.330402593987127
20.49423644654092	-10.19561815367125
3.3123914577615956	-10.60549461784349
3.0200420041973426	-13.023178607598382
-24.255711332745406	10.53499042958678
28.751369553497426	-7.931629787951694
20.451036679055864	2.6126606308995024
3.5222200245048674	-2.0946450321322985
7.4452455927879555	-10.254585793643896
3.646264008498058	0.5685630042071961
-11.94294418338597	16.50536231940057
0.780221401636743	-20.826815722627053
-10.777776582894472	-1.7853735906376929
16.44521947611613	-20.456276995952653
5.925794939317841	-3.402362232066962
-15.022618641257097	16.490387247275827
-18.202543807350672	3.567801146288792
-6.009607183080523	21.81233934318936
-2.468200549660618	-12.26780537156259
-7.730167425694585	19.7903297244196
-24.291280011792445	3.7415482063504024
-8.450285082531094	7.27925307418892
-1.7800943732945533	10.785691509725824
-12.389502585977	-3.9401393166269445
17.942329502270354	4.99327860161321
-17.85332294895972	15.18319592451879
-19.66734848053562	-8.494879458590857
-5.164402503537339	21.117779602799676
16.271350500849305	5.801634440469094
-5.755489970317725	12.935706909933351
13.623036963380347	-22.83796522638524
27.982098737469755	-7.543955691414383
15.700590273932653	-7.604790509047494
1.7243255568696638	-0.7053178679814783
29.055250018006944	-7.362052625867307
-0.8776013804969719	-18.40714360501123
-11.984518286318785	14.804001140348483
2.625279625143861	0.29847237777702545
-2.0792142730294962	-11.342884956445335
12.713033556917523	-17.184930098774608
-2.531387624664387	-19.33550571329345
-22.298331966025636	7.9824777518777035
20.172480443271752	-7.2300846468640465
-25.55577323536448	13.219843160539135
17.080923847497093	8.218112168070647
-8.190483506169608	-1.4465227666951352
-16.31087315331669	-4.4816079033722405
-13.132696670903336	-0.8545476381950037
-2.290090231150178	17.726070571260845
-11.673107335452412	0.7675143550858732
24.032556016708185	-10.779985973604452
-16.021692896231166	12.446497322681012
-20.889210233041073	15.908594191095066
-13.453721494777358	-1.3015937746851787
0.09852467115441173	-17.426663351107166
28.997846689194695	-6.866504336537483
-7.423322633056001	24.296239033225547
-16.509874540393938	-3.5879338594824994
-17.486277165883227	-5.471593048095403
-6.266829485702446	-18.820792379248893
-4.006437621997085	3.1211093830040753
-20.017621578232234	-8.160933467290391
19.255076493120743	-8.066327810630902
-2.9466294858854205	-3.7179326362533685
-0.214543284998962	-19.92651803532429
-11.653602001660204	5.023129694768383
-1.1309043095886184	-20.4364721640458
-19.500932041641622	8.79636551216028
-12.258104021916948	23.145691218783302
11.704792440036114	-23.944224347013158
16.23500912247197	9.800758717379068
-2.251008569011374	23.314626001872345
14.44357316503776	-26.935833017556103
-16.139173212264673	-6.599320405247296
21.984875614295547	2.6853011937721734
-6.636068304092488	1.2813117621485868
-12.964088393474109	21.5734856218384
4.370319502126605	8.756087687096022
-4.172194287303242	-20.153743765846222
-5.135862643973157	-20.16128833079541
-7.559830033846806	16.82384196151584
2.7533025567241265	-10.335791135956764
-7.93356922185401	-3.828693839326531
19.81248162840605	-11.689572116405522
-2.268485801554459	24.40561378686897
3.4048295425432173	-7.600868700278218
-8.474610741104165	1.8056667404439386
12.823346263718499	-19.003989832983383
15.717884795069192	4.503137108596958
-5.261142117034679	27.535637214799607
12.29264220897872	-25.178769524108688
-1.633428277234534	23.599278054952606
-3.024052791624331	30.590081369441737
-3.196018977400459	27.79571790863836
-17.186269332348786	-1.9531150900629197
-5.142308182991863	21.838887170508606
-22.144299183606496	13.421442533966509
20.15651467293621	-8.946513483280189
-18.242333280263743	14.25325749709671
-3.2662825952326258	-14.352246061292231
9.16050317236771	4.559335043393747
-14.696152215584638	-5.705164037127888
-3.228968383101641	-16.937125419253885
-0.03369787380530674	-4.231627904602452
-4.757604348104433	-0.2603706284862756
-9.73929026510069	-1.0146642184865784
6.357569905003497	-11.083333300973138
9.765840802280332	-21.513159558924297
-4.394971701228002	15.740647502500657
15.734727970665663	-22.816457337506108
-7.0693026044331235	-11.019143549008321
-15.402082353310027	6.710046473008117
-20.018343717065743	12.248254533727222
1.9728191028710793	-4.277229050072444
-6.0176932538186305	-0.3213606222915963
-19.050518358334493	-7.58361995484353
11.80193232122827	-10.645513309722734
0.8633488802589572	-15.858424104608426
-7.262602062762184	-10.848456100653618
7.616996306187845	-22.426831908301352
-3.5187172863722327	-16.742661053496388
27.587275973346603	-6.0568135372995116
1.2701297501688098	15.545575424414231
22.471020667742405	3.0497679723771762
20.86576628045932	-7.564987848822618
-15.850491090227914	2.8695499235459363
11.319527784802297	-19.16416765483167
13.695599290266145	-19.311270514109
-24.553732104767406	10.650227131061047
-0.978611043020544	5.273043810961069
25.860284322123434	-10.066199028452036
-13.892381298946772	-3.3397893119095756
15.157024575507288	-6.7240015626046326
-14.354943483720813	-2.0566690480586742
8.643300394656311	15.445460303215008
-12.482738248410019	15.038986488717532
22.632911481167653	6.057519169689078
11.636589292967999	-21.33348992319183
14.651469278259365	-17.321179166723045
14.043969229158517	-23.71226541661024
-17.449764072328833	-7.015986243949158
-12.542859194808704	12.851068978578954
-12.493244775522454	-3.371539016260552
-16.263548981354603	11.150996740392731
-19.861549644323976	10.511372332168785
4.33224037388973	0.0933239319065662
4.897427587477041	-0.5517331547954212
3.775802073123325	0.1815967556399704
4.202005177434425	8.807365790338459
13.315675839200061	-27.074508211506203
2.5601729230475856	-17.22300463729479
3.090517095994355	-9.272588153675262
25.096181061388755	-10.92024547814879
-1.7952021434787715	5.916654804804183
-18.93326890777597	-8.11259078404777
7.305352117499196	-5.8807241084201385
-1.7655757454578762	-4.416329309149953
16.11337105975868	-11.224663337811416
15.457853143872955	-20.85977523378795
14.03102454288574	12.401047890507972
-14.78020760967053	-6.515955525658634
-13.37562892392801	20.618865252469284
11.10219516641719	-14.43509048282996
-7.284614412718394	1.6828384374978915
1.0148722583347392	4.186755106674357
-2.345826018615878	21.184573315664313
1.6801974204340409	-3.893071919190059
-18.185599188458525	-7.46672146853612
10.415315023775834	-5.533227204519141
18.177078689267884	-8.926674038607388
-8.946114151364506	-15.500197472742766
-4.171929941915688	15.837245247459089
18.66569957531331	6.308620161434248
-9.695445472464268	15.548341247043815
-10.287353196792083	9.909494107405521
-12.611565596301906	16.707203175433538
14.71439322277878	7.034420102101704
-0.25360797329316187	6.55710231044525
12.92400910150052	-14.056722179147368
18.528113607537907	-10.52202203999336
-7.810755379775211	-3.4351816180591315
1.571249032521333	-2.5467615360840483
-9.206834580488039	-0.29072867362959526
24.042526197936635	-9.03284276372869
-19.33351561086842	19.70585447886532
14.621804990411789	-26.156870914722656
15.58822547987505	6.460932781304537
-14.070087354945898	-2.2048535685976693
7.926323292186508	-5.852124343820594
-5.6738958172414025	1.7559569162757913
-5.277601159411769	2.814383153540959
13.70889633584888	-22.285289117778643
-7.8835776509435425	25.366591351650058
-19.37980721979609	8.893413777758653
-18.06935903778847	10.369659246833653
-3.085039484614098	18.995513166869546
3.894390660829738	-0.3030390204202867
-10.67570736501	0.9669984645518079
-5.026450396359307	2.3076148066682247
18.003182157040023	-7.96092117808661
8.367849948159117	-24.6134061763754
-11.688360189321264	0.42449428256091654
11.336111730905916	6.010634967119138
-23.040356639141912	13.144367836030645
-4.79254001847924	22.367457270354134
-4.234878313491919	27.39107056900659
3.3875246711412097	6.836738683980605
-18.178472524567447	-5.794367258426586
2.0616859506906167	6.224926271752116
-5.87263643192498	22.745608546075392
3.874059577443402	-5.254312051689868
-12.153388600643325	23.456716775112323
13.7252572776357	-27.19283706595467
-8.320632333023935	25.8427056740658
0.5654552795594171	-10.042942714857025
12.82500134327786	-21.36572511783427
-14.647589045091252	7.923749173339093
-3.4635534089150672	24.65135401162202
-8.854105213381477	17.932788101158465
-13.691021137190942	12.18465297893314
-5.977367494385008	-7.8977911346091165
11.360328349658763	-18.391142385801686
-25.34898813793678	13.101413115963442
-12.761637114704605	11.524568069181143
14.498198399781268	-17.13019573082793
-4.073472062678592	15.543392842263762
9.04226568335787	-20.249426356155663
0.5582024146488676	-2.5019751997779993
-8.876776551911835	12.250288321352707
8.890324936066282	-18.638333753584476
-3.488345225313819	26.206590074091935
1.927458468513466	-5.913501943939387
1.9242419432994524	-16.010491373879034
-5.035297284621035	-21.168734288600994
-5.404711115216326	-20.474444019236124
11.404068480431034	13.993966901006656
7.011349073022445	-23.465693639402687
6.19941337122918	-13.625561726626334
24.534691306795903	-7.994273329984467
3.0646595900512223	-3.6829560303037487
25.264264425728786	-7.908062622387955
7.89768020070795	-10.835189816282751
-6.368532677924262	-9.54342725800547
-3.953987187339944	21.869860771799935
7.8519528140618835	-25.334351887434625
18.349874126221845	-5.553669986128492
26.36629340666009	-9.893516216397156
3.7185299203358424	18.222474673456947
-7.621343462722577	-13.776425576693255
6.587079773131473	-8.721057141368803
-15.890420730351142	-6.618804783065028
-6.915055856486425	16.062507144031187
13.145545768784515	11.0280157669473
-3.3021039596409243	25.424098332759268
-16.71278365592738	-3.439197309055977
-2.9267532174230797	27.764177722932363
8.255426805100686	-8.741042639105954
20.569212562361386	4.1437170297195625
-4.006701956329299	19.942582098020775
-12.972227992434242	17.21768984322275
-1.6877297865880911	-11.182621728247529
-12.282264436518874	19.119439398532744
-10.799764451899534	17.86086613747105
-0.998180783293157	-2.159058802173349
24.583687328358444	-11.269354957729197
-16.07102759111419	11.470996313775768
-11.053774432989643	10.924482215163968
-1.4423795198869946	8.13327923758467
20.53951299267607	-11.555801032695895
-18.053363258347005	15.149963167036725
-5.185017029063358	17.487092951934397
-6.658289368760956	-1.9470268030799158
-6.524195117299863	-4.707584276340723
9.60614869582214	-8.520341802583134
12.51886124422594	-22.307553162390963
-10.742132675685228	5.9089719617036
-23.10622382751572	14.377825946406555
20.24543984863018	8.148144857261956
17.067541665866557	-14.1828606747073
20.738666814377225	-9.34829967320511
0.2838714134021323	-4.5553515408607685
-5.585714183199064	19.05283094574299
-1.4997892801433397	-20.28658105279253
10.057983785186627	15.013194518424998
-21.348548751866762	11.623679117086777
-18.62631304344094	-7.547374914893588
24.494352868516316	-10.15628921243378
-8.039048369146258	-0.2522784903612729
-1.4949790723798686	8.49673010776449
0.4555982094873695	-12.666269926533861
-13.348750913122704	-2.565431709327672
-12.12605374796004	15.034080315275773
-5.537878917970399	-11.997472802003214
16.101492924741333	-10.188603566499431
-11.565522675426054	13.131460560128131
8.980825780447413	-12.916309195424429
-13.823883168377574	-4.875863359494517
-5.286697158493773	15.667430388672853
13.448406075823549	-19.150281268417945
4.816744732406158	-15.592341988171537
-25.43285663470796	13.455194877475234
13.595352408070152	-28.838353376281365
-22.319015932288078	14.99622141333595
-11.923089667284382	-3.6757769620201355
-0.6804761327108263	19.405376866891874
29.011343297836827	-8.132981108521838
11.163734003564878	-27.83837423601463
17.43232771823785	7.111894915800481
5.427373500711893	-16.304494390081736
19.693734560919022	3.9354871854434053
8.167168530640948	-26.28226865651537
-6.481491541244945	0.5020692939348099
-15.479341327775334	-5.86431176642787
4.220876546550771	-18.546114336006646
-18.139900312831514	3.533375004243558
-5.113841638643408	-13.172020718623024
-9.17701824712373	21.30560754051973
6.32304788946737	-11.345381823408314
-4.351673583278066	13.138341553146269
-6.494850662601314	-0.34677859801310507
-6.374912625878555	-9.459266979616347
12.262457550530478	3.041692549792456
6.9671327615095295	-5.834810347189779
-7.57347007188059	-12.743637469812102
13.954111162340915	7.323816596930811
11.67747357018281	14.541115740581967
-12.123892303311967	-1.1891530489634232
-11.617333651848842	4.829195485316824
-9.150176067565134	0.7055586982113711
-3.2904174112749223	23.480952967684416
-3.1487787899345143	-7.007807241192254
-14.146435262626897	14.696389774420043
-8.455552414019712	-3.7859083474218234
-10.653794828347834	16.827152150201528
11.61354205841644	-24.36296527077171
-1.4934259596029604	26.714867303252106
0.7811313753198561	-4.920530764480069
-7.334592526088557	-2.6200189377603627
-3.133410720187958	23.486135573075455
25.984970391394306	-7.268149137505815
-3.9441263066975165	-13.707787792287547
-10.124764725761603	20.596829339017106
-17.937023988356152	19.7508796453262
-2.909039210098814	16.543844674212085
-18.31521285655556	18.343309191498268
12.12930916506187	14.599125716008635
-2.22428292445012	-2.939530169229056
10.538482749022732	-26.677589065984176
11.303374083204634	-22.300048766143792
-11.596147568646668	13.49701201101596
26.385903694007215	-7.392760262121133
-6.069941848074942	-5.0461274194617864
-7.681930220266725	-20.46117837919286
0.8202687425385828	-16.26866916997655
12.947208362545577	-20.179446898273742
-2.9728903047912763	-19.72497939321353
-7.230418698395075	-7.18685614445751
-4.944346659699215	2.100786865035014
-3.3946249256065664	28.647548153682898
-2.800304819241505	3.1016212725180003
-8.595775735560151	20.28984724345573
-14.704491658405054	-4.142415342022876
-12.76490827320905	19.73840877534883
26.053338538838748	-8.6854780204873
-5.906858379355646	0.7910497383313493
-9.906384474120546	-9.88721383207293
-7.938994043646271	-1.6405790393408524
8.425567244967837	-21.083357319823765
11.593302782226944	3.769600212571547
9.374738667301703	9.697167397262769
-16.771412295751595	11.791634302463121
-0.12991287896893142	2.9573884169552938
-2.129433339078655	-16.581473172792062
-19.331585998722286	-8.386907073725112
-11.639654290633707	21.9986126652798
22.381534676202353	-6.522067160463806
-23.496382426917457	12.858529196491649
-11.931157454202845	-0.27986487551801076
1.889243798619397	-12.453909368915841
-1.8158157920305513	18.264689625419567
16.757569498984225	-12.383519571592075
-2.086651739539532	-9.473332745471584
-12.672693566695171	-4.662751779090795
-1.5007124081273424	-15.905479425921406
3.8919482518541755	-7.653731265606916
4.245880921591488	-12.292232425777298
-15.309297955868267	12.050238536962768
-10.00925035059604	10.189396743252745
5.063681063197018	-10.452376026642705
-2.169082853153525	-15.590253257912435
2.913384293764581	-18.784000030155227
12.698564206256979	-21.451435297540723
-6.616123750035926	25.233501087470163
-7.596438461211634	-1.8104474136387048
-4.765534937793389	-0.2594679711283335
-11.583711391387368	20.31483315895527
11.31768730780538	0.46964146909571974
-12.352444619881318	0.8280611124478078
9.450710726076638	9.447904973715572
24.499391736767887	-11.034842348802568
-5.933769457059593	-18.42521539186107
6.8558860658287415	-5.700178267803619
21.797850146350918	5.1644819697182145
-2.6007048432642974	17.650918012928873
-14.217593171532506	-4.892210517090388
-1.8466834919013435	-18.278954709867772
-8.178054525777148	25.64862654857897
-12.183165507880302	9.280985408976157
-1.0196416126566141	-18.23969813791506
16.79487812149223	10.908718031460234
-10.117400947285764	9.890209532140888
-3.1094430235313095	-6.99100785147789
-8.996523795869033	6.406051278490882
-1.650607772180361	-13.241142203023143
10.501331232420988	-5.538708590178798
-1.831934856373232	27.349808434932044
3.533052981727263	7.036284028697909
9.508652737455249	15.146135384686163
11.870269026797445	-21.838728633655403
-16.528730960420955	-3.6618688777087414
-10.326106667684272	-2.1516373032533966
-5.036977824955439	1.192698249873861
-4.330348760946405	8.1055999578399
17.443549221502593	3.406984393394044
-4.843303509682633	17.58616724911038
8.577556541187962	-24.367027905266358
-9.28399369267181	22.573021054180025
-6.822642071323721	22.511403389895428
-9.97240538317751	12.099470088614067
4.799503049120384	-0.5483269612932623
18.07383351079321	3.2658596804406015
9.70843447028044	8.596635873507438
9.96391194955369	-29.61365431240028
16.660396902632808	-12.285511047982443
-2.231148509361247	3.434040908988052
11.309844350524473	7.371540517972984
9.74708940067365	1.7845540805770856
-8.08519153175818	0.7143717770337311
-6.069437534312761	9.701722643762619
-17.483878940995147	17.63510235168736
4.561507526064128	-9.621191015264191
-3.6346203422117798	-16.779973025316973
-4.046670530732206	-10.962667064447071
-4.888594648080413	-0.044212665626175915
-9.824037173955602	-2.4099000455066495
-10.153884705442964	-1.2353978857047057
0.3496977506655667	-9.316150484326313
15.217956629235278	-17.90244383738943
-2.189551691269521	-21.456825076876758
11.36303508254608	6.627916117994817
6.957028173008073	-27.98813188943236
22.207841919425015	-6.879137428298834
-8.68756314918419	-0.7562964650767499
-4.454211316764875	24.10998634825744
-4.7680721425808406	2.1583082372077675
3.1364139469425854	-5.945389355056398
-17.93772724031861	15.611699578518158
-1.6358998675881133	-17.86714258175639
1.3650771068698642	-7.855647487052061
-4.261011324009042	23.765102420595763
-25.065655629199206	14.0624554828271
-15.38139492366965	-4.740943312059021
29.235435471424687	-9.11462314573003
14.2950819025186	-27.015496893169583
15.750580617616373	-23.157115457859472
-23.92918796696487	14.410952257981535
12.34972537978002	-25.460286006013582
21.1060460925985	5.299618894724331
20.706252643893315	-8.68268141438626
10.9797109257492	-15.015202267462106
3.0807546032611803	-18.26509261816881
-6.961767442288307	18.87659715002277
-15.720007004708737	13.757763853390474
-4.485399206146434	22.670030037449404
-24.633342708470753	14.72122772713229
-0.7032168724437537	-21.435038472916546
-0.9224529223513077	21.633083780702123
7.979588100397278	-12.045603954854872
25.037087751736156	-7.535062506970988
23.35981499984763	3.6092646081267348
-24.333993651607845	14.098019506213767
9.835499958788395	-29.59067061266414
-11.665351182286624	5.035363653463848
8.19711637541638	-11.749537677644557
7.48919022506249	-4.881655818490265
19.072206636128914	-8.798944070464717
-7.172440120134446	27.557621396390854
17.189616254819565	11.057294195830714
-3.3336497116461192	-19.933353000355012
-6.864985108148422	1.4038303643346022
6.998812400487868	-23.646102378697368
-10.077371472781788	-2.7286783341129937
-4.200880066102253	5.253804998486279
2.8167327753518436	8.748849797590509
19.9430541733497	-11.210260939960992
-14.627562390733525	9.059984921015351
-6.68695479958099	17.91099270754794
15.212828526246126	-25.863042724853344
-6.09083166994565	17.96126169187269
-17.85651092256589	16.60324567357683
-7.438296340611687	18.685025272088907
27.5887812633968	-8.554679266928124
17.378419663386765	7.200903265670838
-24.843430005291257	10.36995249351597
1.9084526486191618	-13.659706728455708
-14.402022820426852	16.216404870188125
-13.452323202657576	10.906575112579455
13.207052825882947	7.1910049813262376
8.899403732406517	-22.70410273537612
11.265859623257334	6.009931562392641
-13.733060717755908	-1.965056363256648
14.854888223320065	-10.349518033864756
-4.5819753107795	1.389856966097374
17.016971700596375	5.8804734571314885
-11.859955614249793	15.003278504427746
-7.051887181300919	20.14456049382035
-14.205084690187538	12.741058610328704
-16.64939380451346	13.20359743273056
-13.703329458973519	10.923143477043537
15.673535946786942	-7.936186494828265
-3.0857897841119684	-9.323497772421115
4.7157617161614205	-15.211515013370434
-12.554933624372284	14.073148715658775
-6.63583717825267	25.21904896369014
6.170087148834622	-20.133796409098117
9.527760572608717	-27.05243971450436
1.7359427989562624	-13.637289787155709
-15.882571593311312	10.104183968316644
-17.585751036314804	13.537556123290882
-2.9630870298305743	18.580586423986713
-2.4154901138106792	-16.771987007822233
7.111396805045492	-9.863461702064718
1.0401277311741024	7.498127175194448
-2.5057188803572	22.919228496527353
3.8788859951345787	-19.69194958349171
10.371297703726192	-24.919691407094998
-3.4036094807319603	25.20177153199404
-10.82558124364009	15.454575742559765
-5.257963699394438	-12.212126795313706
-5.310066255174141	-13.08321236615064
0.6783933344139946	-13.560066672816651
15.176416572970531	12.876162117095172
-4.2436000294436775	-5.572423363169908
-5.339242357977381	-6.492923811977027
-18.380942670190382	16.816818830223397
-21.111644188602884	16.4494801379647
-0.8260569180099211	5.40573971506851
2.6983070505168	9.330414881367204
-10.826909217463106	16.95029327633538
22.316560599848234	2.6361169458314895
-3.849664118280976	-12.15072067814548
-21.72795416781705	15.490644203814934
8.170151027758985	-22.17992308264469
-1.3719095031460813	8.265116249312518
10.423147045365855	-18.454700541663573
-17.644360093304357	-7.239776830594497
-11.948308239005652	15.06642865980674
0.24014816186375282	25.517340004845135
17.979410025363084	-13.92981753771544
-11.29246355914936	25.769181085513257
12.820561625370782	1.0873853272276204
-7.568161823843074	0.3574232400178937
-7.640239409117475	19.854528642057566
-7.0843812925142515	0.1372334708325129
-15.597664055664556	7.268996264722787
13.811121024539412	-7.410125652462227
4.172517212746445	8.691484593949827
-1.1660535918536403	5.993549462395563
12.762602557258884	-20.179439183290206
-6.471736430994362	-14.477722772735262
-2.3021174268885036	21.0584554459952
-1.3430284734041704	-13.295167725865895
-10.702634840442725	-2.556228351436888
18.75264238449185	-21.311350194674333
-4.817803510864371	-0.1669737901804833
10.722041790450456	-23.733203873167515
17.443869375164144	8.312749595138529
-1.6697908986127006	-16.582839001345135
21.802917899530115	-6.777683217968415
1.507128873685293	-14.777533000917652
